event_a,event_b,correlation,mean_abs_delta_db
1782605969288_blow_normal_event1_2.100s,1782605969288_blow_normal_event2_3.560s,0.759972,14.223730
1782605969288_blow_normal_event1_2.100s,1782605969288_blow_normal_event3_4.750s,0.868548,14.451943
1782605969288_blow_normal_event1_2.100s,1782605956239_blow_close_event1_0.920s,0.854099,13.109227
1782605969288_blow_normal_event1_2.100s,1782605956239_blow_close_event2_2.640s,0.882558,10.636104
1782605969288_blow_normal_event1_2.100s,1782605956239_blow_close_event3_4.290s,0.863275,13.413734
1782605969288_blow_normal_event1_2.100s,1782605976563_blow_normal_event1_0.760s,0.864397,16.852180
1782605969288_blow_normal_event1_2.100s,1782605976563_blow_normal_event2_1.880s,0.854920,12.304210
1782605969288_blow_normal_event1_2.100s,1782605976563_blow_normal_event3_3.130s,0.836621,12.648659
1782605969288_blow_normal_event1_2.100s,1658418658392_blow_close_event1_0.950s,0.777211,20.941569
1782605969288_blow_normal_event1_2.100s,1658418658392_blow_close_event2_2.220s,0.867112,24.473835
1782605969288_blow_normal_event1_2.100s,1658418658392_blow_close_event3_3.550s,0.748567,25.986790
1782605969288_blow_normal_event1_2.100s,1658418658392_blow_close_event4_4.900s,0.823486,27.069273
1782605969288_blow_normal_event1_2.100s,1658418658392_blow_close_event5_6.400s,0.780686,25.792819
1782605969288_blow_normal_event1_2.100s,1782608588636_blow_normal_event1_3.340s,0.869562,13.883224
1782605969288_blow_normal_event1_2.100s,1782608588636_blow_normal_event2_4.420s,0.864397,14.740096
1782605969288_blow_normal_event1_2.100s,1782608588636_blow_normal_event3_5.540s,0.912150,16.062496
1782605969288_blow_normal_event1_2.100s,1782608596442_blow_normal_event1_1.300s,0.946427,12.339981
1782605969288_blow_normal_event1_2.100s,1782608600090_blow_normal_event1_1.440s,0.846151,16.617190
1782605969288_blow_normal_event1_2.100s,1782608602965_blow_normal_event1_1.010s,0.789649,15.330392
1782605969288_blow_normal_event1_2.100s,1782608605517_blow_normal_event1_1.460s,0.864566,15.643031
1782605969288_blow_normal_event1_2.100s,1782608608865_blow_normal_event1_1.090s,0.828446,15.480163
1782605969288_blow_normal_event1_2.100s,1782608611657_blow_normal_event1_1.070s,0.833229,19.832664
1782605969288_blow_normal_event1_2.100s,1782608614338_blow_normal_event1_0.970s,0.752189,17.641017
1782605969288_blow_normal_event1_2.100s,1782608616573_blow_normal_event1_1.140s,0.858784,17.995808
1782605969288_blow_normal_event1_2.100s,1782608618931_blow_normal_event1_0.940s,0.680735,21.656585
1782605969288_blow_normal_event1_2.100s,1782608645573_blow_normal_event1_1.080s,0.825292,11.858945
1782605969288_blow_normal_event1_2.100s,1782608649116_blow_normal_event1_0.860s,0.816777,14.516018
1782605969288_blow_normal_event1_2.100s,1782608657180_blow_normal_event1_1.130s,0.764649,10.518897
1782605969288_blow_normal_event1_2.100s,1782608662652_blow_normal_event1_1.150s,0.917938,9.187757
1782605969288_blow_normal_event1_2.100s,1782608664944_blow_normal_event1_0.970s,0.845741,7.387610
1782605969288_blow_normal_event1_2.100s,1782608667017_blow_normal_event1_1.030s,0.629201,15.930412
1782605969288_blow_normal_event1_2.100s,1782608668892_blow_normal_event1_1.050s,0.628352,16.946869
1782605969288_blow_normal_event1_2.100s,1782608670794_blow_normal_event1_0.950s,0.883382,8.298975
1782605969288_blow_normal_event1_2.100s,1782608672740_blow_normal_event1_1.010s,0.566280,16.050802
1782605969288_blow_normal_event1_2.100s,1782608677735_blow_normal_event1_0.840s,0.439353,18.813192
1782605969288_blow_normal_event1_2.100s,1782608679544_blow_normal_event1_0.790s,0.895377,15.702237
1782605969288_blow_normal_event2_3.560s,1782605969288_blow_normal_event3_4.750s,0.855288,7.572726
1782605969288_blow_normal_event2_3.560s,1782605956239_blow_close_event1_0.920s,0.744663,8.393715
1782605969288_blow_normal_event2_3.560s,1782605956239_blow_close_event2_2.640s,0.564089,12.538783
1782605969288_blow_normal_event2_3.560s,1782605956239_blow_close_event3_4.290s,0.634963,11.510048
1782605969288_blow_normal_event2_3.560s,1782605976563_blow_normal_event1_0.760s,0.739720,8.511473
1782605969288_blow_normal_event2_3.560s,1782605976563_blow_normal_event2_1.880s,0.461990,14.297111
1782605969288_blow_normal_event2_3.560s,1782605976563_blow_normal_event3_3.130s,0.503759,12.619898
1782605969288_blow_normal_event2_3.560s,1658418658392_blow_close_event1_0.950s,0.885319,9.179875
1782605969288_blow_normal_event2_3.560s,1658418658392_blow_close_event2_2.220s,0.779988,13.156686
1782605969288_blow_normal_event2_3.560s,1658418658392_blow_close_event3_3.550s,0.450247,14.854859
1782605969288_blow_normal_event2_3.560s,1658418658392_blow_close_event4_4.900s,0.683415,15.319031
1782605969288_blow_normal_event2_3.560s,1658418658392_blow_close_event5_6.400s,0.719317,14.619717
1782605969288_blow_normal_event2_3.560s,1782608588636_blow_normal_event1_3.340s,0.514388,11.868714
1782605969288_blow_normal_event2_3.560s,1782608588636_blow_normal_event2_4.420s,0.515949,11.397244
1782605969288_blow_normal_event2_3.560s,1782608588636_blow_normal_event3_5.540s,0.657915,9.558443
1782605969288_blow_normal_event2_3.560s,1782608596442_blow_normal_event1_1.300s,0.631101,10.888409
1782605969288_blow_normal_event2_3.560s,1782608600090_blow_normal_event1_1.440s,0.613792,9.215041
1782605969288_blow_normal_event2_3.560s,1782608602965_blow_normal_event1_1.010s,0.357153,13.599261
1782605969288_blow_normal_event2_3.560s,1782608605517_blow_normal_event1_1.460s,0.511156,11.794135
1782605969288_blow_normal_event2_3.560s,1782608608865_blow_normal_event1_1.090s,0.426858,13.322744
1782605969288_blow_normal_event2_3.560s,1782608611657_blow_normal_event1_1.070s,0.410693,12.197596
1782605969288_blow_normal_event2_3.560s,1782608614338_blow_normal_event1_0.970s,0.830021,7.957931
1782605969288_blow_normal_event2_3.560s,1782608616573_blow_normal_event1_1.140s,0.518145,10.703291
1782605969288_blow_normal_event2_3.560s,1782608618931_blow_normal_event1_0.940s,0.852335,9.960767
1782605969288_blow_normal_event2_3.560s,1782608645573_blow_normal_event1_1.080s,0.415595,16.137976
1782605969288_blow_normal_event2_3.560s,1782608649116_blow_normal_event1_0.860s,0.354533,14.552108
1782605969288_blow_normal_event2_3.560s,1782608657180_blow_normal_event1_1.130s,0.247631,20.050051
1782605969288_blow_normal_event2_3.560s,1782608662652_blow_normal_event1_1.150s,0.793040,9.231935
1782605969288_blow_normal_event2_3.560s,1782608664944_blow_normal_event1_0.970s,0.416591,16.809387
1782605969288_blow_normal_event2_3.560s,1782608667017_blow_normal_event1_1.030s,0.938231,4.564722
1782605969288_blow_normal_event2_3.560s,1782608668892_blow_normal_event1_1.050s,0.938037,5.155335
1782605969288_blow_normal_event2_3.560s,1782608670794_blow_normal_event1_0.950s,0.518298,14.373908
1782605969288_blow_normal_event2_3.560s,1782608672740_blow_normal_event1_1.010s,0.907736,5.283978
1782605969288_blow_normal_event2_3.560s,1782608677735_blow_normal_event1_0.840s,0.870818,6.667770
1782605969288_blow_normal_event2_3.560s,1782608679544_blow_normal_event1_0.790s,0.691348,9.194457
1782605969288_blow_normal_event3_4.750s,1782605956239_blow_close_event1_0.920s,0.879924,7.355767
1782605969288_blow_normal_event3_4.750s,1782605956239_blow_close_event2_2.640s,0.797826,10.136548
1782605969288_blow_normal_event3_4.750s,1782605956239_blow_close_event3_4.290s,0.858626,9.900255
1782605969288_blow_normal_event3_4.750s,1782605976563_blow_normal_event1_0.760s,0.876622,7.064243
1782605969288_blow_normal_event3_4.750s,1782605976563_blow_normal_event2_1.880s,0.740187,10.427401
1782605969288_blow_normal_event3_4.750s,1782605976563_blow_normal_event3_3.130s,0.767499,8.512365
1782605969288_blow_normal_event3_4.750s,1658418658392_blow_close_event1_0.950s,0.868650,10.077303
1782605969288_blow_normal_event3_4.750s,1658418658392_blow_close_event2_2.220s,0.841858,14.281381
1782605969288_blow_normal_event3_4.750s,1658418658392_blow_close_event3_3.550s,0.630700,16.294175
1782605969288_blow_normal_event3_4.750s,1658418658392_blow_close_event4_4.900s,0.750714,16.664649
1782605969288_blow_normal_event3_4.750s,1658418658392_blow_close_event5_6.400s,0.677261,16.103321
1782605969288_blow_normal_event3_4.750s,1782608588636_blow_normal_event1_3.340s,0.721647,8.793764
1782605969288_blow_normal_event3_4.750s,1782608588636_blow_normal_event2_4.420s,0.686171,9.455229
1782605969288_blow_normal_event3_4.750s,1782608588636_blow_normal_event3_5.540s,0.820466,7.938012
1782605969288_blow_normal_event3_4.750s,1782608596442_blow_normal_event1_1.300s,0.807049,7.502569
1782605969288_blow_normal_event3_4.750s,1782608600090_blow_normal_event1_1.440s,0.774377,8.196493
1782605969288_blow_normal_event3_4.750s,1782608602965_blow_normal_event1_1.010s,0.658658,10.044453
1782605969288_blow_normal_event3_4.750s,1782608605517_blow_normal_event1_1.460s,0.729232,9.391389
1782605969288_blow_normal_event3_4.750s,1782608608865_blow_normal_event1_1.090s,0.698601,10.262812
1782605969288_blow_normal_event3_4.750s,1782608611657_blow_normal_event1_1.070s,0.691048,10.480243
1782605969288_blow_normal_event3_4.750s,1782608614338_blow_normal_event1_0.970s,0.805787,6.121189
1782605969288_blow_normal_event3_4.750s,1782608616573_blow_normal_event1_1.140s,0.726796,8.707064
1782605969288_blow_normal_event3_4.750s,1782608618931_blow_normal_event1_0.940s,0.798816,10.943101
1782605969288_blow_normal_event3_4.750s,1782608645573_blow_normal_event1_1.080s,0.693398,13.245288
1782605969288_blow_normal_event3_4.750s,1782608649116_blow_normal_event1_0.860s,0.639340,10.352379
1782605969288_blow_normal_event3_4.750s,1782608657180_blow_normal_event1_1.130s,0.548273,16.255749
1782605969288_blow_normal_event3_4.750s,1782608662652_blow_normal_event1_1.150s,0.884558,7.698418
1782605969288_blow_normal_event3_4.750s,1782608664944_blow_normal_event1_0.970s,0.699248,12.472730
1782605969288_blow_normal_event3_4.750s,1782608667017_blow_normal_event1_1.030s,0.709957,10.251751
1782605969288_blow_normal_event3_4.750s,1782608668892_blow_normal_event1_1.050s,0.723184,8.849361
1782605969288_blow_normal_event3_4.750s,1782608670794_blow_normal_event1_0.950s,0.748074,10.731440
1782605969288_blow_normal_event3_4.750s,1782608672740_blow_normal_event1_1.010s,0.616534,10.277556
1782605969288_blow_normal_event3_4.750s,1782608677735_blow_normal_event1_0.840s,0.602624,10.879023
1782605969288_blow_normal_event3_4.750s,1782608679544_blow_normal_event1_0.790s,0.875152,6.558932
1782605956239_blow_close_event1_0.920s,1782605956239_blow_close_event2_2.640s,0.919500,5.655928
1782605956239_blow_close_event1_0.920s,1782605956239_blow_close_event3_4.290s,0.939012,5.631901
1782605956239_blow_close_event1_0.920s,1782605976563_blow_normal_event1_0.760s,0.938344,5.836006
1782605956239_blow_close_event1_0.920s,1782605976563_blow_normal_event2_1.880s,0.850007,7.299123
1782605956239_blow_close_event1_0.920s,1782605976563_blow_normal_event3_3.130s,0.897974,5.418951
1782605956239_blow_close_event1_0.920s,1658418658392_blow_close_event1_0.950s,0.847153,9.798766
1782605956239_blow_close_event1_0.920s,1658418658392_blow_close_event2_2.220s,0.785591,12.733383
1782605956239_blow_close_event1_0.920s,1658418658392_blow_close_event3_3.550s,0.742829,14.048439
1782605956239_blow_close_event1_0.920s,1658418658392_blow_close_event4_4.900s,0.761418,15.447305
1782605956239_blow_close_event1_0.920s,1658418658392_blow_close_event5_6.400s,0.655022,13.869085
1782605956239_blow_close_event1_0.920s,1782608588636_blow_normal_event1_3.340s,0.758317,7.721764
1782605956239_blow_close_event1_0.920s,1782608588636_blow_normal_event2_4.420s,0.759457,7.792073
1782605956239_blow_close_event1_0.920s,1782608588636_blow_normal_event3_5.540s,0.924021,5.617888
1782605956239_blow_close_event1_0.920s,1782608596442_blow_normal_event1_1.300s,0.824620,7.336680
1782605956239_blow_close_event1_0.920s,1782608600090_blow_normal_event1_1.440s,0.882357,5.553698
1782605956239_blow_close_event1_0.920s,1782608602965_blow_normal_event1_1.010s,0.715432,9.281065
1782605956239_blow_close_event1_0.920s,1782608605517_blow_normal_event1_1.460s,0.821515,7.464546
1782605956239_blow_close_event1_0.920s,1782608608865_blow_normal_event1_1.090s,0.756631,8.413940
1782605956239_blow_close_event1_0.920s,1782608611657_blow_normal_event1_1.070s,0.773598,9.019809
1782605956239_blow_close_event1_0.920s,1782608614338_blow_normal_event1_0.970s,0.803631,8.587058
1782605956239_blow_close_event1_0.920s,1782608616573_blow_normal_event1_1.140s,0.763657,8.367255
1782605956239_blow_close_event1_0.920s,1782608618931_blow_normal_event1_0.940s,0.790317,10.390557
1782605956239_blow_close_event1_0.920s,1782608645573_blow_normal_event1_1.080s,0.809571,9.945201
1782605956239_blow_close_event1_0.920s,1782608649116_blow_normal_event1_0.860s,0.724830,8.375105
1782605956239_blow_close_event1_0.920s,1782608657180_blow_normal_event1_1.130s,0.689608,12.650579
1782605956239_blow_close_event1_0.920s,1782608662652_blow_normal_event1_1.150s,0.911660,5.875362
1782605956239_blow_close_event1_0.920s,1782608664944_blow_normal_event1_0.970s,0.817287,10.895386
1782605956239_blow_close_event1_0.920s,1782608667017_blow_normal_event1_1.030s,0.647310,10.001149
1782605956239_blow_close_event1_0.920s,1782608668892_blow_normal_event1_1.050s,0.573200,10.694555
1782605956239_blow_close_event1_0.920s,1782608670794_blow_normal_event1_0.950s,0.877764,9.161469
1782605956239_blow_close_event1_0.920s,1782608672740_blow_normal_event1_1.010s,0.497520,11.182615
1782605956239_blow_close_event1_0.920s,1782608677735_blow_normal_event1_0.840s,0.431332,12.483241
1782605956239_blow_close_event1_0.920s,1782608679544_blow_normal_event1_0.790s,0.920465,5.271740
1782605956239_blow_close_event2_2.640s,1782605956239_blow_close_event3_4.290s,0.956214,4.405235
1782605956239_blow_close_event2_2.640s,1782605976563_blow_normal_event1_0.760s,0.894624,7.836985
1782605956239_blow_close_event2_2.640s,1782605976563_blow_normal_event2_1.880s,0.930033,5.842865
1782605956239_blow_close_event2_2.640s,1782605976563_blow_normal_event3_3.130s,0.930515,5.637383
1782605956239_blow_close_event2_2.640s,1658418658392_blow_close_event1_0.950s,0.737876,11.659829
1782605956239_blow_close_event2_2.640s,1658418658392_blow_close_event2_2.220s,0.719524,14.208106
1782605956239_blow_close_event2_2.640s,1658418658392_blow_close_event3_3.550s,0.739675,15.566246
1782605956239_blow_close_event2_2.640s,1658418658392_blow_close_event4_4.900s,0.772715,16.730798
1782605956239_blow_close_event2_2.640s,1658418658392_blow_close_event5_6.400s,0.577947,15.295274
1782605956239_blow_close_event2_2.640s,1782608588636_blow_normal_event1_3.340s,0.821132,7.828804
1782605956239_blow_close_event2_2.640s,1782608588636_blow_normal_event2_4.420s,0.814909,8.571726
1782605956239_blow_close_event2_2.640s,1782608588636_blow_normal_event3_5.540s,0.964455,6.429542
1782605956239_blow_close_event2_2.640s,1782608596442_blow_normal_event1_1.300s,0.881402,6.912623
1782605956239_blow_close_event2_2.640s,1782608600090_blow_normal_event1_1.440s,0.914871,7.678286
1782605956239_blow_close_event2_2.640s,1782608602965_blow_normal_event1_1.010s,0.808384,9.572922
1782605956239_blow_close_event2_2.640s,1782608605517_blow_normal_event1_1.460s,0.872771,8.026871
1782605956239_blow_close_event2_2.640s,1782608608865_blow_normal_event1_1.090s,0.827246,8.841196
1782605956239_blow_close_event2_2.640s,1782608611657_blow_normal_event1_1.070s,0.888049,10.329422
1782605956239_blow_close_event2_2.640s,1782608614338_blow_normal_event1_0.970s,0.715463,11.423606
1782605956239_blow_close_event2_2.640s,1782608616573_blow_normal_event1_1.140s,0.829479,9.447463
1782605956239_blow_close_event2_2.640s,1782608618931_blow_normal_event1_0.940s,0.656931,11.973060
1782605956239_blow_close_event2_2.640s,1782608645573_blow_normal_event1_1.080s,0.945896,6.354350
1782605956239_blow_close_event2_2.640s,1782608649116_blow_normal_event1_0.860s,0.887543,7.181043
1782605956239_blow_close_event2_2.640s,1782608657180_blow_normal_event1_1.130s,0.844721,8.420270
1782605956239_blow_close_event2_2.640s,1782608662652_blow_normal_event1_1.150s,0.850630,7.850103
1782605956239_blow_close_event2_2.640s,1782608664944_blow_normal_event1_0.970s,0.938596,7.053102
1782605956239_blow_close_event2_2.640s,1782608667017_blow_normal_event1_1.030s,0.432692,14.709216
1782605956239_blow_close_event2_2.640s,1782608668892_blow_normal_event1_1.050s,0.373883,13.958708
1782605956239_blow_close_event2_2.640s,1782608670794_blow_normal_event1_0.950s,0.951472,6.499287
1782605956239_blow_close_event2_2.640s,1782608672740_blow_normal_event1_1.010s,0.288633,15.126175
1782605956239_blow_close_event2_2.640s,1782608677735_blow_normal_event1_0.840s,0.193274,16.445117
1782605956239_blow_close_event2_2.640s,1782608679544_blow_normal_event1_0.790s,0.943740,6.778657
1782605956239_blow_close_event3_4.290s,1782605976563_blow_normal_event1_0.760s,0.913715,7.234788
1782605956239_blow_close_event3_4.290s,1782605976563_blow_normal_event2_1.880s,0.883481,7.152688
1782605956239_blow_close_event3_4.290s,1782605976563_blow_normal_event3_3.130s,0.916393,7.189125
1782605956239_blow_close_event3_4.290s,1658418658392_blow_close_event1_0.950s,0.797871,10.626121
1782605956239_blow_close_event3_4.290s,1658418658392_blow_close_event2_2.220s,0.790172,12.187226
1782605956239_blow_close_event3_4.290s,1658418658392_blow_close_event3_3.550s,0.695093,13.452485
1782605956239_blow_close_event3_4.290s,1658418658392_blow_close_event4_4.900s,0.716904,14.467884
1782605956239_blow_close_event3_4.290s,1658418658392_blow_close_event5_6.400s,0.604438,13.250400
1782605956239_blow_close_event3_4.290s,1782608588636_blow_normal_event1_3.340s,0.755178,9.593550
1782605956239_blow_close_event3_4.290s,1782608588636_blow_normal_event2_4.420s,0.752960,9.810022
1782605956239_blow_close_event3_4.290s,1782608588636_blow_normal_event3_5.540s,0.951901,6.351597
1782605956239_blow_close_event3_4.290s,1782608596442_blow_normal_event1_1.300s,0.830359,8.750630
1782605956239_blow_close_event3_4.290s,1782608600090_blow_normal_event1_1.440s,0.868189,8.444450
1782605956239_blow_close_event3_4.290s,1782608602965_blow_normal_event1_1.010s,0.750674,9.624224
1782605956239_blow_close_event3_4.290s,1782608605517_blow_normal_event1_1.460s,0.813046,8.529743
1782605956239_blow_close_event3_4.290s,1782608608865_blow_normal_event1_1.090s,0.767823,8.377304
1782605956239_blow_close_event3_4.290s,1782608611657_blow_normal_event1_1.070s,0.795904,9.278835
1782605956239_blow_close_event3_4.290s,1782608614338_blow_normal_event1_0.970s,0.746333,12.051506
1782605956239_blow_close_event3_4.290s,1782608616573_blow_normal_event1_1.140s,0.749507,9.713352
1782605956239_blow_close_event3_4.290s,1782608618931_blow_normal_event1_0.940s,0.707702,11.624920
1782605956239_blow_close_event3_4.290s,1782608645573_blow_normal_event1_1.080s,0.872328,8.400507
1782605956239_blow_close_event3_4.290s,1782608649116_blow_normal_event1_0.860s,0.793817,8.505614
1782605956239_blow_close_event3_4.290s,1782608657180_blow_normal_event1_1.130s,0.744427,10.997241
1782605956239_blow_close_event3_4.290s,1782608662652_blow_normal_event1_1.150s,0.869701,8.636830
1782605956239_blow_close_event3_4.290s,1782608664944_blow_normal_event1_0.970s,0.870773,10.480930
1782605956239_blow_close_event3_4.290s,1782608667017_blow_normal_event1_1.030s,0.484143,14.235272
1782605956239_blow_close_event3_4.290s,1782608668892_blow_normal_event1_1.050s,0.457726,12.653926
1782605956239_blow_close_event3_4.290s,1782608670794_blow_normal_event1_0.950s,0.906476,10.057364
1782605956239_blow_close_event3_4.290s,1782608672740_blow_normal_event1_1.010s,0.357503,14.938022
1782605956239_blow_close_event3_4.290s,1782608677735_blow_normal_event1_0.840s,0.292503,15.352840
1782605956239_blow_close_event3_4.290s,1782608679544_blow_normal_event1_0.790s,0.945800,6.279328
1782605976563_blow_normal_event1_0.760s,1782605976563_blow_normal_event2_1.880s,0.862698,7.099002
1782605976563_blow_normal_event1_0.760s,1782605976563_blow_normal_event3_3.130s,0.857463,7.365291
1782605976563_blow_normal_event1_0.760s,1658418658392_blow_close_event1_0.950s,0.810970,7.227588
1782605976563_blow_normal_event1_0.760s,1658418658392_blow_close_event2_2.220s,0.806623,9.027329
1782605976563_blow_normal_event1_0.760s,1658418658392_blow_close_event3_3.550s,0.637170,10.598243
1782605976563_blow_normal_event1_0.760s,1658418658392_blow_close_event4_4.900s,0.766224,11.079662
1782605976563_blow_normal_event1_0.760s,1658418658392_blow_close_event5_6.400s,0.614675,10.455247
1782605976563_blow_normal_event1_0.760s,1782608588636_blow_normal_event1_3.340s,0.769583,6.871569
1782605976563_blow_normal_event1_0.760s,1782608588636_blow_normal_event2_4.420s,0.759250,6.525399
1782605976563_blow_normal_event1_0.760s,1782608588636_blow_normal_event3_5.540s,0.894610,4.433738
1782605976563_blow_normal_event1_0.760s,1782608596442_blow_normal_event1_1.300s,0.858994,6.822343
1782605976563_blow_normal_event1_0.760s,1782608600090_blow_normal_event1_1.440s,0.864033,4.824216
1782605976563_blow_normal_event1_0.760s,1782608602965_blow_normal_event1_1.010s,0.755895,7.120399
1782605976563_blow_normal_event1_0.760s,1782608605517_blow_normal_event1_1.460s,0.838846,5.862680
1782605976563_blow_normal_event1_0.760s,1782608608865_blow_normal_event1_1.090s,0.794051,6.735081
1782605976563_blow_normal_event1_0.760s,1782608611657_blow_normal_event1_1.070s,0.811288,5.845313
1782605976563_blow_normal_event1_0.760s,1782608614338_blow_normal_event1_0.970s,0.817179,7.425539
1782605976563_blow_normal_event1_0.760s,1782608616573_blow_normal_event1_1.140s,0.772429,6.113487
1782605976563_blow_normal_event1_0.760s,1782608618931_blow_normal_event1_0.940s,0.780425,7.183539
1782605976563_blow_normal_event1_0.760s,1782608645573_blow_normal_event1_1.080s,0.824495,10.573652
1782605976563_blow_normal_event1_0.760s,1782608649116_blow_normal_event1_0.860s,0.762007,7.763129
1782605976563_blow_normal_event1_0.760s,1782608657180_blow_normal_event1_1.130s,0.716325,13.349913
1782605976563_blow_normal_event1_0.760s,1782608662652_blow_normal_event1_1.150s,0.892025,8.797761
1782605976563_blow_normal_event1_0.760s,1782608664944_blow_normal_event1_0.970s,0.841232,12.259981
1782605976563_blow_normal_event1_0.760s,1782608667017_blow_normal_event1_1.030s,0.594103,11.450398
1782605976563_blow_normal_event1_0.760s,1782608668892_blow_normal_event1_1.050s,0.578855,10.136443
1782605976563_blow_normal_event1_0.760s,1782608670794_blow_normal_event1_0.950s,0.861103,12.406506
1782605976563_blow_normal_event1_0.760s,1782608672740_blow_normal_event1_1.010s,0.491405,12.331880
1782605976563_blow_normal_event1_0.760s,1782608677735_blow_normal_event1_0.840s,0.405328,12.662210
1782605976563_blow_normal_event1_0.760s,1782608679544_blow_normal_event1_0.790s,0.916496,4.958065
1782605976563_blow_normal_event2_1.880s,1782605976563_blow_normal_event3_3.130s,0.950639,4.462435
1782605976563_blow_normal_event2_1.880s,1658418658392_blow_close_event1_0.950s,0.608298,11.421582
1782605976563_blow_normal_event2_1.880s,1658418658392_blow_close_event2_2.220s,0.710745,12.775776
1782605976563_blow_normal_event2_1.880s,1658418658392_blow_close_event3_3.550s,0.810818,14.387005
1782605976563_blow_normal_event2_1.880s,1658418658392_blow_close_event4_4.900s,0.748789,15.229791
1782605976563_blow_normal_event2_1.880s,1658418658392_blow_close_event5_6.400s,0.609212,13.881778
1782605976563_blow_normal_event2_1.880s,1782608588636_blow_normal_event1_3.340s,0.934249,4.841607
1782605976563_blow_normal_event2_1.880s,1782608588636_blow_normal_event2_4.420s,0.921341,5.787629
1782605976563_blow_normal_event2_1.880s,1782608588636_blow_normal_event3_5.540s,0.902729,6.552448
1782605976563_blow_normal_event2_1.880s,1782608596442_blow_normal_event1_1.300s,0.927089,4.780729
1782605976563_blow_normal_event2_1.880s,1782608600090_blow_normal_event1_1.440s,0.850805,7.796464
1782605976563_blow_normal_event2_1.880s,1782608602965_blow_normal_event1_1.010s,0.945078,5.377141
1782605976563_blow_normal_event2_1.880s,1782608605517_blow_normal_event1_1.460s,0.926108,5.675583
1782605976563_blow_normal_event2_1.880s,1782608608865_blow_normal_event1_1.090s,0.942385,4.947210
1782605976563_blow_normal_event2_1.880s,1782608611657_blow_normal_event1_1.070s,0.945377,8.292521
1782605976563_blow_normal_event2_1.880s,1782608614338_blow_normal_event1_0.970s,0.540045,12.881777
1782605976563_blow_normal_event2_1.880s,1782608616573_blow_normal_event1_1.140s,0.908908,7.548254
1782605976563_blow_normal_event2_1.880s,1782608618931_blow_normal_event1_0.940s,0.505926,12.170027
1782605976563_blow_normal_event2_1.880s,1782608645573_blow_normal_event1_1.080s,0.902144,8.648248
1782605976563_blow_normal_event2_1.880s,1782608649116_blow_normal_event1_0.860s,0.923172,4.680209
1782605976563_blow_normal_event2_1.880s,1782608657180_blow_normal_event1_1.130s,0.943405,7.273078
1782605976563_blow_normal_event2_1.880s,1782608662652_blow_normal_event1_1.150s,0.858677,7.243971
1782605976563_blow_normal_event2_1.880s,1782608664944_blow_normal_event1_0.970s,0.977080,7.099874
1782605976563_blow_normal_event2_1.880s,1782608667017_blow_normal_event1_1.030s,0.304484,16.546329
1782605976563_blow_normal_event2_1.880s,1782608668892_blow_normal_event1_1.050s,0.282842,15.440512
1782605976563_blow_normal_event2_1.880s,1782608670794_blow_normal_event1_0.950s,0.949615,7.733581
1782605976563_blow_normal_event2_1.880s,1782608672740_blow_normal_event1_1.010s,0.187923,16.733265
1782605976563_blow_normal_event2_1.880s,1782608677735_blow_normal_event1_0.840s,0.052141,18.469567
1782605976563_blow_normal_event2_1.880s,1782608679544_blow_normal_event1_0.790s,0.848655,7.636548
1782605976563_blow_normal_event3_3.130s,1658418658392_blow_close_event1_0.950s,0.662626,10.542603
1782605976563_blow_normal_event3_3.130s,1658418658392_blow_close_event2_2.220s,0.719949,12.590125
1782605976563_blow_normal_event3_3.130s,1658418658392_blow_close_event3_3.550s,0.835301,13.941541
1782605976563_blow_normal_event3_3.130s,1658418658392_blow_close_event4_4.900s,0.731765,15.133193
1782605976563_blow_normal_event3_3.130s,1658418658392_blow_close_event5_6.400s,0.638442,13.633531
1782605976563_blow_normal_event3_3.130s,1782608588636_blow_normal_event1_3.340s,0.871546,5.624285
1782605976563_blow_normal_event3_3.130s,1782608588636_blow_normal_event2_4.420s,0.888981,5.169610
1782605976563_blow_normal_event3_3.130s,1782608588636_blow_normal_event3_5.540s,0.926856,5.525837
1782605976563_blow_normal_event3_3.130s,1782608596442_blow_normal_event1_1.300s,0.858397,6.536081
1782605976563_blow_normal_event3_3.130s,1782608600090_blow_normal_event1_1.440s,0.829763,6.828140
1782605976563_blow_normal_event3_3.130s,1782608602965_blow_normal_event1_1.010s,0.884925,5.975013
1782605976563_blow_normal_event3_3.130s,1782608605517_blow_normal_event1_1.460s,0.875889,5.921325
1782605976563_blow_normal_event3_3.130s,1782608608865_blow_normal_event1_1.090s,0.873479,6.400677
1782605976563_blow_normal_event3_3.130s,1782608611657_blow_normal_event1_1.070s,0.890556,8.147275
1782605976563_blow_normal_event3_3.130s,1782608614338_blow_normal_event1_0.970s,0.578351,10.738317
1782605976563_blow_normal_event3_3.130s,1782608616573_blow_normal_event1_1.140s,0.870601,6.806642
1782605976563_blow_normal_event3_3.130s,1782608618931_blow_normal_event1_0.940s,0.572740,11.675268
1782605976563_blow_normal_event3_3.130s,1782608645573_blow_normal_event1_1.080s,0.866890,9.313138
1782605976563_blow_normal_event3_3.130s,1782608649116_blow_normal_event1_0.860s,0.855863,6.566729
1782605976563_blow_normal_event3_3.130s,1782608657180_blow_normal_event1_1.130s,0.878425,8.852074
1782605976563_blow_normal_event3_3.130s,1782608662652_blow_normal_event1_1.150s,0.892781,5.991653
1782605976563_blow_normal_event3_3.130s,1782608664944_blow_normal_event1_0.970s,0.920216,8.514732
1782605976563_blow_normal_event3_3.130s,1782608667017_blow_normal_event1_1.030s,0.346910,14.796015
1782605976563_blow_normal_event3_3.130s,1782608668892_blow_normal_event1_1.050s,0.288037,14.248168
1782605976563_blow_normal_event3_3.130s,1782608670794_blow_normal_event1_0.950s,0.950015,7.791517
1782605976563_blow_normal_event3_3.130s,1782608672740_blow_normal_event1_1.010s,0.213266,14.814995
1782605976563_blow_normal_event3_3.130s,1782608677735_blow_normal_event1_0.840s,0.119462,16.675313
1782605976563_blow_normal_event3_3.130s,1782608679544_blow_normal_event1_0.790s,0.869660,6.298443
1658418658392_blow_close_event1_0.950s,1658418658392_blow_close_event2_2.220s,0.761612,5.273012
1658418658392_blow_close_event1_0.950s,1658418658392_blow_close_event3_3.550s,0.526692,7.328002
1658418658392_blow_close_event1_0.950s,1658418658392_blow_close_event4_4.900s,0.707830,7.282119
1658418658392_blow_close_event1_0.950s,1658418658392_blow_close_event5_6.400s,0.613462,6.705923
1658418658392_blow_close_event1_0.950s,1782608588636_blow_normal_event1_3.340s,0.568180,9.066166
1658418658392_blow_close_event1_0.950s,1782608588636_blow_normal_event2_4.420s,0.578837,8.155152
1658418658392_blow_close_event1_0.950s,1782608588636_blow_normal_event3_5.540s,0.821119,6.031461
1658418658392_blow_close_event1_0.950s,1782608596442_blow_normal_event1_1.300s,0.659858,10.336272
1658418658392_blow_close_event1_0.950s,1782608600090_blow_normal_event1_1.440s,0.738936,6.884885
1658418658392_blow_close_event1_0.950s,1782608602965_blow_normal_event1_1.010s,0.454096,9.340338
1658418658392_blow_close_event1_0.950s,1782608605517_blow_normal_event1_1.460s,0.589724,8.325357
1658418658392_blow_close_event1_0.950s,1782608608865_blow_normal_event1_1.090s,0.502680,9.685038
1658418658392_blow_close_event1_0.950s,1782608611657_blow_normal_event1_1.070s,0.547426,8.008909
1658418658392_blow_close_event1_0.950s,1782608614338_blow_normal_event1_0.970s,0.836353,7.834964
1658418658392_blow_close_event1_0.950s,1782608616573_blow_normal_event1_1.140s,0.584184,6.880745
1658418658392_blow_close_event1_0.950s,1782608618931_blow_normal_event1_0.940s,0.851740,3.808355
1658418658392_blow_close_event1_0.950s,1782608645573_blow_normal_event1_1.080s,0.580288,13.297772
1658418658392_blow_close_event1_0.950s,1782608649116_blow_normal_event1_0.860s,0.530752,10.559939
1658418658392_blow_close_event1_0.950s,1782608657180_blow_normal_event1_1.130s,0.404203,16.223433
1658418658392_blow_close_event1_0.950s,1782608662652_blow_normal_event1_1.150s,0.815495,13.616868
1658418658392_blow_close_event1_0.950s,1782608664944_blow_normal_event1_0.970s,0.600374,15.403529
1658418658392_blow_close_event1_0.950s,1782608667017_blow_normal_event1_1.030s,0.781253,10.284669
1658418658392_blow_close_event1_0.950s,1782608668892_blow_normal_event1_1.050s,0.767267,7.594276
1658418658392_blow_close_event1_0.950s,1782608670794_blow_normal_event1_0.950s,0.658446,15.506634
1658418658392_blow_close_event1_0.950s,1782608672740_blow_normal_event1_1.010s,0.703572,9.650700
1658418658392_blow_close_event1_0.950s,1782608677735_blow_normal_event1_0.840s,0.673620,9.334607
1658418658392_blow_close_event1_0.950s,1782608679544_blow_normal_event1_0.790s,0.836644,6.701377
1658418658392_blow_close_event2_2.220s,1658418658392_blow_close_event3_3.550s,0.665797,3.574547
1658418658392_blow_close_event2_2.220s,1658418658392_blow_close_event4_4.900s,0.700586,3.752708
1658418658392_blow_close_event2_2.220s,1658418658392_blow_close_event5_6.400s,0.792261,2.998873
1658418658392_blow_close_event2_2.220s,1782608588636_blow_normal_event1_3.340s,0.699380,11.159782
1658418658392_blow_close_event2_2.220s,1782608588636_blow_normal_event2_4.420s,0.696936,10.493243
1658418658392_blow_close_event2_2.220s,1782608588636_blow_normal_event3_5.540s,0.791404,8.720431
1658418658392_blow_close_event2_2.220s,1782608596442_blow_normal_event1_1.300s,0.770593,13.019503
1658418658392_blow_close_event2_2.220s,1782608600090_blow_normal_event1_1.440s,0.629880,9.227145
1658418658392_blow_close_event2_2.220s,1782608602965_blow_normal_event1_1.010s,0.647547,9.675003
1658418658392_blow_close_event2_2.220s,1782608605517_blow_normal_event1_1.460s,0.687383,9.962921
1658418658392_blow_close_event2_2.220s,1782608608865_blow_normal_event1_1.090s,0.654890,10.385457
1658418658392_blow_close_event2_2.220s,1782608611657_blow_normal_event1_1.070s,0.621482,7.579727
1658418658392_blow_close_event2_2.220s,1782608614338_blow_normal_event1_0.970s,0.715775,11.904024
1658418658392_blow_close_event2_2.220s,1782608616573_blow_normal_event1_1.140s,0.617460,8.059827
1658418658392_blow_close_event2_2.220s,1782608618931_blow_normal_event1_0.940s,0.659832,5.339189
1658418658392_blow_close_event2_2.220s,1782608645573_blow_normal_event1_1.080s,0.625221,15.424334
1658418658392_blow_close_event2_2.220s,1782608649116_blow_normal_event1_0.860s,0.579526,11.909248
1658418658392_blow_close_event2_2.220s,1782608657180_blow_normal_event1_1.130s,0.557277,17.404774
1658418658392_blow_close_event2_2.220s,1782608662652_blow_normal_event1_1.150s,0.883410,16.278253
1658418658392_blow_close_event2_2.220s,1782608664944_blow_normal_event1_0.970s,0.671167,18.855800
1658418658392_blow_close_event2_2.220s,1782608667017_blow_normal_event1_1.030s,0.646927,13.250189
1658418658392_blow_close_event2_2.220s,1782608668892_blow_normal_event1_1.050s,0.683513,9.904746
1658418658392_blow_close_event2_2.220s,1782608670794_blow_normal_event1_0.950s,0.714172,19.376768
1658418658392_blow_close_event2_2.220s,1782608672740_blow_normal_event1_1.010s,0.613027,11.998759
1658418658392_blow_close_event2_2.220s,1782608677735_blow_normal_event1_0.840s,0.506459,11.567738
1658418658392_blow_close_event2_2.220s,1782608679544_blow_normal_event1_0.790s,0.770168,10.442668
1658418658392_blow_close_event3_3.550s,1658418658392_blow_close_event4_4.900s,0.612010,2.705372
1658418658392_blow_close_event3_3.550s,1658418658392_blow_close_event5_6.400s,0.671081,2.373764
1658418658392_blow_close_event3_3.550s,1782608588636_blow_normal_event1_3.340s,0.820657,12.842088
1658418658392_blow_close_event3_3.550s,1782608588636_blow_normal_event2_4.420s,0.865998,11.621540
1658418658392_blow_close_event3_3.550s,1782608588636_blow_normal_event3_5.540s,0.753796,10.075519
1658418658392_blow_close_event3_3.550s,1782608596442_blow_normal_event1_1.300s,0.794412,14.586130
1658418658392_blow_close_event3_3.550s,1782608600090_blow_normal_event1_1.440s,0.688985,10.904522
1658418658392_blow_close_event3_3.550s,1782608602965_blow_normal_event1_1.010s,0.806899,11.056794
1658418658392_blow_close_event3_3.550s,1782608605517_blow_normal_event1_1.460s,0.803472,11.438900
1658418658392_blow_close_event3_3.550s,1782608608865_blow_normal_event1_1.090s,0.812120,11.397859
1658418658392_blow_close_event3_3.550s,1782608611657_blow_normal_event1_1.070s,0.762121,7.364696
1658418658392_blow_close_event3_3.550s,1782608614338_blow_normal_event1_0.970s,0.441266,13.829763
1658418658392_blow_close_event3_3.550s,1782608616573_blow_normal_event1_1.140s,0.764951,8.709118
1658418658392_blow_close_event3_3.550s,1782608618931_blow_normal_event1_0.940s,0.359568,7.465766
1658418658392_blow_close_event3_3.550s,1782608645573_blow_normal_event1_1.080s,0.708252,17.136220
1658418658392_blow_close_event3_3.550s,1782608649116_blow_normal_event1_0.860s,0.719408,12.521162
1658418658392_blow_close_event3_3.550s,1782608657180_blow_normal_event1_1.130s,0.788625,18.936295
1658418658392_blow_close_event3_3.550s,1782608662652_blow_normal_event1_1.150s,0.790589,17.705037
1658418658392_blow_close_event3_3.550s,1782608664944_blow_normal_event1_0.970s,0.759785,20.939580
1658418658392_blow_close_event3_3.550s,1782608667017_blow_normal_event1_1.030s,0.364886,15.000819
1658418658392_blow_close_event3_3.550s,1782608668892_blow_normal_event1_1.050s,0.273771,12.047368
1658418658392_blow_close_event3_3.550s,1782608670794_blow_normal_event1_0.950s,0.796894,21.101507
1658418658392_blow_close_event3_3.550s,1782608672740_blow_normal_event1_1.010s,0.231908,14.025093
1658418658392_blow_close_event3_3.550s,1782608677735_blow_normal_event1_0.840s,0.137063,12.535678
1658418658392_blow_close_event3_3.550s,1782608679544_blow_normal_event1_0.790s,0.686379,12.107218
1658418658392_blow_close_event4_4.900s,1658418658392_blow_close_event5_6.400s,0.580290,2.604287
1658418658392_blow_close_event4_4.900s,1782608588636_blow_normal_event1_3.340s,0.773818,13.726344
1658418658392_blow_close_event4_4.900s,1782608588636_blow_normal_event2_4.420s,0.736332,12.864698
1658418658392_blow_close_event4_4.900s,1782608588636_blow_normal_event3_5.540s,0.775955,11.430391
1658418658392_blow_close_event4_4.900s,1782608596442_blow_normal_event1_1.300s,0.799118,15.261388
1658418658392_blow_close_event4_4.900s,1782608600090_blow_normal_event1_1.440s,0.765024,11.523009
1658418658392_blow_close_event4_4.900s,1782608602965_blow_normal_event1_1.010s,0.668103,12.231954
1658418658392_blow_close_event4_4.900s,1782608605517_blow_normal_event1_1.460s,0.788662,11.890531
1658418658392_blow_close_event4_4.900s,1782608608865_blow_normal_event1_1.090s,0.710463,12.561509
1658418658392_blow_close_event4_4.900s,1782608611657_blow_normal_event1_1.070s,0.795402,8.055805
1658418658392_blow_close_event4_4.900s,1782608614338_blow_normal_event1_0.970s,0.662547,14.130730
1658418658392_blow_close_event4_4.900s,1782608616573_blow_normal_event1_1.140s,0.774782,9.657100
1658418658392_blow_close_event4_4.900s,1782608618931_blow_normal_event1_0.940s,0.725521,6.503605
1658418658392_blow_close_event4_4.900s,1782608645573_blow_normal_event1_1.080s,0.733011,18.053486
1658418658392_blow_close_event4_4.900s,1782608649116_blow_normal_event1_0.860s,0.762388,13.203609
1658418658392_blow_close_event4_4.900s,1782608657180_blow_normal_event1_1.130s,0.682527,19.987105
1658418658392_blow_close_event4_4.900s,1782608662652_blow_normal_event1_1.150s,0.797148,18.848426
1658418658392_blow_close_event4_4.900s,1782608664944_blow_normal_event1_0.970s,0.738531,21.842314
1658418658392_blow_close_event4_4.900s,1782608667017_blow_normal_event1_1.030s,0.552846,15.984148
1658418658392_blow_close_event4_4.900s,1782608668892_blow_normal_event1_1.050s,0.552570,12.069597
1658418658392_blow_close_event4_4.900s,1782608670794_blow_normal_event1_0.950s,0.785681,22.108624
1658418658392_blow_close_event4_4.900s,1782608672740_blow_normal_event1_1.010s,0.461955,15.002635
1658418658392_blow_close_event4_4.900s,1782608677735_blow_normal_event1_0.840s,0.293334,12.501154
1658418658392_blow_close_event4_4.900s,1782608679544_blow_normal_event1_0.790s,0.748841,12.702041
1658418658392_blow_close_event5_6.400s,1782608588636_blow_normal_event1_3.340s,0.705824,12.377376
1658418658392_blow_close_event5_6.400s,1782608588636_blow_normal_event2_4.420s,0.737788,11.262692
1658418658392_blow_close_event5_6.400s,1782608588636_blow_normal_event3_5.540s,0.682574,9.851973
1658418658392_blow_close_event5_6.400s,1782608596442_blow_normal_event1_1.300s,0.703185,14.038657
1658418658392_blow_close_event5_6.400s,1782608600090_blow_normal_event1_1.440s,0.524339,10.749832
1658418658392_blow_close_event5_6.400s,1782608602965_blow_normal_event1_1.010s,0.563875,10.747243
1658418658392_blow_close_event5_6.400s,1782608605517_blow_normal_event1_1.460s,0.573429,11.046425
1658418658392_blow_close_event5_6.400s,1782608608865_blow_normal_event1_1.090s,0.573020,11.340652
1658418658392_blow_close_event5_6.400s,1782608611657_blow_normal_event1_1.070s,0.495008,7.735425
1658418658392_blow_close_event5_6.400s,1782608614338_blow_normal_event1_0.970s,0.511221,13.693941
1658418658392_blow_close_event5_6.400s,1782608616573_blow_normal_event1_1.140s,0.639469,8.522634
1658418658392_blow_close_event5_6.400s,1782608618931_blow_normal_event1_0.940s,0.537459,6.905979
1658418658392_blow_close_event5_6.400s,1782608645573_blow_normal_event1_1.080s,0.431088,16.707657
1658418658392_blow_close_event5_6.400s,1782608649116_blow_normal_event1_0.860s,0.437418,12.829314
1658418658392_blow_close_event5_6.400s,1782608657180_blow_normal_event1_1.130s,0.472265,18.662375
1658418658392_blow_close_event5_6.400s,1782608662652_blow_normal_event1_1.150s,0.834741,17.307226
1658418658392_blow_close_event5_6.400s,1782608664944_blow_normal_event1_0.970s,0.527991,20.452273
1658418658392_blow_close_event5_6.400s,1782608667017_blow_normal_event1_1.030s,0.668543,14.770758
1658418658392_blow_close_event5_6.400s,1782608668892_blow_normal_event1_1.050s,0.634993,11.791415
1658418658392_blow_close_event5_6.400s,1782608670794_blow_normal_event1_0.950s,0.640975,20.492193
1658418658392_blow_close_event5_6.400s,1782608672740_blow_normal_event1_1.010s,0.696514,13.288378
1658418658392_blow_close_event5_6.400s,1782608677735_blow_normal_event1_0.840s,0.568541,11.713161
1658418658392_blow_close_event5_6.400s,1782608679544_blow_normal_event1_0.790s,0.558674,11.999760
1782608588636_blow_normal_event1_3.340s,1782608588636_blow_normal_event2_4.420s,0.962882,3.162128
1782608588636_blow_normal_event1_3.340s,1782608588636_blow_normal_event3_5.540s,0.831490,5.045318
1782608588636_blow_normal_event1_3.340s,1782608596442_blow_normal_event1_1.300s,0.940629,4.257040
1782608588636_blow_normal_event1_3.340s,1782608600090_blow_normal_event1_1.440s,0.814185,5.229585
1782608588636_blow_normal_event1_3.340s,1782608602965_blow_normal_event1_1.010s,0.941514,3.793219
1782608588636_blow_normal_event1_3.340s,1782608605517_blow_normal_event1_1.460s,0.918309,3.932438
1782608588636_blow_normal_event1_3.340s,1782608608865_blow_normal_event1_1.090s,0.949386,4.143530
1782608588636_blow_normal_event1_3.340s,1782608611657_blow_normal_event1_1.070s,0.905162,6.786461
1782608588636_blow_normal_event1_3.340s,1782608614338_blow_normal_event1_0.970s,0.460994,10.219258
1782608588636_blow_normal_event1_3.340s,1782608616573_blow_normal_event1_1.140s,0.962514,5.001323
1782608588636_blow_normal_event1_3.340s,1782608618931_blow_normal_event1_0.940s,0.462064,9.162023
1782608588636_blow_normal_event1_3.340s,1782608645573_blow_normal_event1_1.080s,0.790229,11.188590
1782608588636_blow_normal_event1_3.340s,1782608649116_blow_normal_event1_0.860s,0.884505,6.641199
1782608588636_blow_normal_event1_3.340s,1782608657180_blow_normal_event1_1.130s,0.905413,9.422079
1782608588636_blow_normal_event1_3.340s,1782608662652_blow_normal_event1_1.150s,0.854941,6.631871
1782608588636_blow_normal_event1_3.340s,1782608664944_blow_normal_event1_0.970s,0.908899,9.027860
1782608588636_blow_normal_event1_3.340s,1782608667017_blow_normal_event1_1.030s,0.369978,13.872988
1782608588636_blow_normal_event1_3.340s,1782608668892_blow_normal_event1_1.050s,0.371049,12.807030
1782608588636_blow_normal_event1_3.340s,1782608670794_blow_normal_event1_0.950s,0.898737,9.072153
1782608588636_blow_normal_event1_3.340s,1782608672740_blow_normal_event1_1.010s,0.298049,14.182071
1782608588636_blow_normal_event1_3.340s,1782608677735_blow_normal_event1_0.840s,0.135066,15.815592
1782608588636_blow_normal_event1_3.340s,1782608679544_blow_normal_event1_0.790s,0.754280,7.279266
1782608588636_blow_normal_event2_4.420s,1782608588636_blow_normal_event3_5.540s,0.843376,4.555592
1782608588636_blow_normal_event2_4.420s,1782608596442_blow_normal_event1_1.300s,0.921749,5.467506
1782608588636_blow_normal_event2_4.420s,1782608600090_blow_normal_event1_1.440s,0.766908,5.934413
1782608588636_blow_normal_event2_4.420s,1782608602965_blow_normal_event1_1.010s,0.919188,4.571665
1782608588636_blow_normal_event2_4.420s,1782608605517_blow_normal_event1_1.460s,0.879881,4.412401
1782608588636_blow_normal_event2_4.420s,1782608608865_blow_normal_event1_1.090s,0.908650,5.180623
1782608588636_blow_normal_event2_4.420s,1782608611657_blow_normal_event1_1.070s,0.874243,5.862557
1782608588636_blow_normal_event2_4.420s,1782608614338_blow_normal_event1_0.970s,0.445294,10.214306
1782608588636_blow_normal_event2_4.420s,1782608616573_blow_normal_event1_1.140s,0.939523,4.175775
1782608588636_blow_normal_event2_4.420s,1782608618931_blow_normal_event1_0.940s,0.450307,9.306183
1782608588636_blow_normal_event2_4.420s,1782608645573_blow_normal_event1_1.080s,0.763786,11.565876
1782608588636_blow_normal_event2_4.420s,1782608649116_blow_normal_event1_0.860s,0.848308,6.974998
1782608588636_blow_normal_event2_4.420s,1782608657180_blow_normal_event1_1.130s,0.893242,9.592663
1782608588636_blow_normal_event2_4.420s,1782608662652_blow_normal_event1_1.150s,0.879082,7.069333
1782608588636_blow_normal_event2_4.420s,1782608664944_blow_normal_event1_0.970s,0.883609,10.070967
1782608588636_blow_normal_event2_4.420s,1782608667017_blow_normal_event1_1.030s,0.377477,13.472858
1782608588636_blow_normal_event2_4.420s,1782608668892_blow_normal_event1_1.050s,0.360101,12.748065
1782608588636_blow_normal_event2_4.420s,1782608670794_blow_normal_event1_0.950s,0.886420,10.109572
1782608588636_blow_normal_event2_4.420s,1782608672740_blow_normal_event1_1.010s,0.318624,13.525632
1782608588636_blow_normal_event2_4.420s,1782608677735_blow_normal_event1_0.840s,0.158442,15.362131
1782608588636_blow_normal_event2_4.420s,1782608679544_blow_normal_event1_0.790s,0.737828,7.442090
1782608588636_blow_normal_event3_5.540s,1782608596442_blow_normal_event1_1.300s,0.870339,5.748325
1782608588636_blow_normal_event3_5.540s,1782608600090_blow_normal_event1_1.440s,0.894048,4.016682
1782608588636_blow_normal_event3_5.540s,1782608602965_blow_normal_event1_1.010s,0.788486,5.426917
1782608588636_blow_normal_event3_5.540s,1782608605517_blow_normal_event1_1.460s,0.845910,4.984195
1782608588636_blow_normal_event3_5.540s,1782608608865_blow_normal_event1_1.090s,0.797284,5.840799
1782608588636_blow_normal_event3_5.540s,1782608611657_blow_normal_event1_1.070s,0.839669,6.037333
1782608588636_blow_normal_event3_5.540s,1782608614338_blow_normal_event1_0.970s,0.731657,7.832645
1782608588636_blow_normal_event3_5.540s,1782608616573_blow_normal_event1_1.140s,0.828088,5.629761
1782608588636_blow_normal_event3_5.540s,1782608618931_blow_normal_event1_0.940s,0.697497,7.766857
1782608588636_blow_normal_event3_5.540s,1782608645573_blow_normal_event1_1.080s,0.874085,10.125489
1782608588636_blow_normal_event3_5.540s,1782608649116_blow_normal_event1_0.860s,0.848438,6.705011
1782608588636_blow_normal_event3_5.540s,1782608657180_blow_normal_event1_1.130s,0.800330,11.451054
1782608588636_blow_normal_event3_5.540s,1782608662652_blow_normal_event1_1.150s,0.907626,8.506307
1782608588636_blow_normal_event3_5.540s,1782608664944_blow_normal_event1_0.970s,0.905507,11.107421
1782608588636_blow_normal_event3_5.540s,1782608667017_blow_normal_event1_1.030s,0.514605,11.930686
1782608588636_blow_normal_event3_5.540s,1782608668892_blow_normal_event1_1.050s,0.468837,11.128051
1782608588636_blow_normal_event3_5.540s,1782608670794_blow_normal_event1_0.950s,0.943035,11.168217
1782608588636_blow_normal_event3_5.540s,1782608672740_blow_normal_event1_1.010s,0.409520,12.097407
1782608588636_blow_normal_event3_5.540s,1782608677735_blow_normal_event1_0.840s,0.307329,13.209076
1782608588636_blow_normal_event3_5.540s,1782608679544_blow_normal_event1_0.790s,0.943607,3.940970
1782608596442_blow_normal_event1_1.300s,1782608600090_blow_normal_event1_1.440s,0.862821,6.502281
1782608596442_blow_normal_event1_1.300s,1782608602965_blow_normal_event1_1.010s,0.896831,5.677463
1782608596442_blow_normal_event1_1.300s,1782608605517_blow_normal_event1_1.460s,0.942152,4.698164
1782608596442_blow_normal_event1_1.300s,1782608608865_blow_normal_event1_1.090s,0.937855,4.673412
1782608596442_blow_normal_event1_1.300s,1782608611657_blow_normal_event1_1.070s,0.905602,8.393443
1782608596442_blow_normal_event1_1.300s,1782608614338_blow_normal_event1_0.970s,0.633318,8.990143
1782608596442_blow_normal_event1_1.300s,1782608616573_blow_normal_event1_1.140s,0.920271,6.873496
1782608596442_blow_normal_event1_1.300s,1782608618931_blow_normal_event1_0.940s,0.567764,10.408264
1782608596442_blow_normal_event1_1.300s,1782608645573_blow_normal_event1_1.080s,0.860394,9.603336
1782608596442_blow_normal_event1_1.300s,1782608649116_blow_normal_event1_0.860s,0.879148,6.086679
1782608596442_blow_normal_event1_1.300s,1782608657180_blow_normal_event1_1.130s,0.867664,10.833303
1782608596442_blow_normal_event1_1.300s,1782608662652_blow_normal_event1_1.150s,0.882686,6.936023
1782608596442_blow_normal_event1_1.300s,1782608664944_blow_normal_event1_0.970s,0.911155,8.555490
1782608596442_blow_normal_event1_1.300s,1782608667017_blow_normal_event1_1.030s,0.491298,13.436207
1782608596442_blow_normal_event1_1.300s,1782608668892_blow_normal_event1_1.050s,0.500209,11.849759
1782608596442_blow_normal_event1_1.300s,1782608670794_blow_normal_event1_0.950s,0.899078,8.315492
1782608596442_blow_normal_event1_1.300s,1782608672740_blow_normal_event1_1.010s,0.411960,13.484673
1782608596442_blow_normal_event1_1.300s,1782608677735_blow_normal_event1_0.840s,0.268741,15.014867
1782608596442_blow_normal_event1_1.300s,1782608679544_blow_normal_event1_0.790s,0.849150,6.249300
1782608600090_blow_normal_event1_1.440s,1782608602965_blow_normal_event1_1.010s,0.748391,6.591831
1782608600090_blow_normal_event1_1.440s,1782608605517_blow_normal_event1_1.460s,0.889925,4.517812
1782608600090_blow_normal_event1_1.440s,1782608608865_blow_normal_event1_1.090s,0.827517,5.721369
1782608600090_blow_normal_event1_1.440s,1782608611657_blow_normal_event1_1.070s,0.850765,6.152308
1782608600090_blow_normal_event1_1.440s,1782608614338_blow_normal_event1_0.970s,0.760345,7.190370
1782608600090_blow_normal_event1_1.440s,1782608616573_blow_normal_event1_1.140s,0.840339,5.575205
1782608600090_blow_normal_event1_1.440s,1782608618931_blow_normal_event1_0.940s,0.683213,6.918677
1782608600090_blow_normal_event1_1.440s,1782608645573_blow_normal_event1_1.080s,0.890599,10.417814
1782608600090_blow_normal_event1_1.440s,1782608649116_blow_normal_event1_0.860s,0.867137,7.133011
1782608600090_blow_normal_event1_1.440s,1782608657180_blow_normal_event1_1.130s,0.794083,12.404152
1782608600090_blow_normal_event1_1.440s,1782608662652_blow_normal_event1_1.150s,0.782957,9.315064
1782608600090_blow_normal_event1_1.440s,1782608664944_blow_normal_event1_0.970s,0.885113,11.905389
1782608600090_blow_normal_event1_1.440s,1782608667017_blow_normal_event1_1.030s,0.513216,11.205151
1782608600090_blow_normal_event1_1.440s,1782608668892_blow_normal_event1_1.050s,0.442008,10.563737
1782608600090_blow_normal_event1_1.440s,1782608670794_blow_normal_event1_0.950s,0.911269,11.244833
1782608600090_blow_normal_event1_1.440s,1782608672740_blow_normal_event1_1.010s,0.369351,12.217177
1782608600090_blow_normal_event1_1.440s,1782608677735_blow_normal_event1_0.840s,0.270292,12.557135
1782608600090_blow_normal_event1_1.440s,1782608679544_blow_normal_event1_0.790s,0.918665,4.503327
1782608602965_blow_normal_event1_1.010s,1782608605517_blow_normal_event1_1.460s,0.921953,3.885285
1782608602965_blow_normal_event1_1.010s,1782608608865_blow_normal_event1_1.090s,0.963592,3.468110
1782608602965_blow_normal_event1_1.010s,1782608611657_blow_normal_event1_1.070s,0.921488,5.468235
1782608602965_blow_normal_event1_1.010s,1782608614338_blow_normal_event1_0.970s,0.371610,11.718893
1782608602965_blow_normal_event1_1.010s,1782608616573_blow_normal_event1_1.140s,0.907300,5.859004
1782608602965_blow_normal_event1_1.010s,1782608618931_blow_normal_event1_0.940s,0.313023,10.525880
1782608602965_blow_normal_event1_1.010s,1782608645573_blow_normal_event1_1.080s,0.826010,10.347258
1782608602965_blow_normal_event1_1.010s,1782608649116_blow_normal_event1_0.860s,0.893469,6.006886
1782608602965_blow_normal_event1_1.010s,1782608657180_blow_normal_event1_1.130s,0.947064,9.226394
1782608602965_blow_normal_event1_1.010s,1782608662652_blow_normal_event1_1.150s,0.777697,9.540938
1782608602965_blow_normal_event1_1.010s,1782608664944_blow_normal_event1_0.970s,0.918603,10.375490
1782608602965_blow_normal_event1_1.010s,1782608667017_blow_normal_event1_1.030s,0.174346,15.939313
1782608602965_blow_normal_event1_1.010s,1782608668892_blow_normal_event1_1.050s,0.172518,15.060500
1782608602965_blow_normal_event1_1.010s,1782608670794_blow_normal_event1_0.950s,0.883841,11.112640
1782608602965_blow_normal_event1_1.010s,1782608672740_blow_normal_event1_1.010s,0.077876,16.238808
1782608602965_blow_normal_event1_1.010s,1782608677735_blow_normal_event1_0.840s,-0.047895,17.663141
1782608602965_blow_normal_event1_1.010s,1782608679544_blow_normal_event1_0.790s,0.731330,7.674802
1782608605517_blow_normal_event1_1.460s,1782608608865_blow_normal_event1_1.090s,0.962578,3.411273
1782608605517_blow_normal_event1_1.460s,1782608611657_blow_normal_event1_1.070s,0.938196,5.439792
1782608605517_blow_normal_event1_1.460s,1782608614338_blow_normal_event1_0.970s,0.588252,9.909482
1782608605517_blow_normal_event1_1.460s,1782608616573_blow_normal_event1_1.140s,0.898848,5.624694
1782608605517_blow_normal_event1_1.460s,1782608618931_blow_normal_event1_0.940s,0.481547,9.041623
1782608605517_blow_normal_event1_1.460s,1782608645573_blow_normal_event1_1.080s,0.903908,9.019129
1782608605517_blow_normal_event1_1.460s,1782608649116_blow_normal_event1_0.860s,0.913867,5.706843
1782608605517_blow_normal_event1_1.460s,1782608657180_blow_normal_event1_1.130s,0.916634,10.360902
1782608605517_blow_normal_event1_1.460s,1782608662652_blow_normal_event1_1.150s,0.802991,9.141854
1782608605517_blow_normal_event1_1.460s,1782608664944_blow_normal_event1_0.970s,0.925253,10.710468
1782608605517_blow_normal_event1_1.460s,1782608667017_blow_normal_event1_1.030s,0.355952,14.378295
1782608605517_blow_normal_event1_1.460s,1782608668892_blow_normal_event1_1.050s,0.329861,13.200982
1782608605517_blow_normal_event1_1.460s,1782608670794_blow_normal_event1_0.950s,0.931934,10.514556
1782608605517_blow_normal_event1_1.460s,1782608672740_blow_normal_event1_1.010s,0.236412,14.894546
1782608605517_blow_normal_event1_1.460s,1782608677735_blow_normal_event1_0.840s,0.094026,15.877592
1782608605517_blow_normal_event1_1.460s,1782608679544_blow_normal_event1_0.790s,0.838653,5.871351
1782608608865_blow_normal_event1_1.090s,1782608611657_blow_normal_event1_1.070s,0.941228,5.348405
1782608608865_blow_normal_event1_1.090s,1782608614338_blow_normal_event1_0.970s,0.483518,11.976954
1782608608865_blow_normal_event1_1.090s,1782608616573_blow_normal_event1_1.140s,0.923183,5.405698
1782608608865_blow_normal_event1_1.090s,1782608618931_blow_normal_event1_0.940s,0.401292,10.232500
1782608608865_blow_normal_event1_1.090s,1782608645573_blow_normal_event1_1.080s,0.855026,10.178296
1782608608865_blow_normal_event1_1.090s,1782608649116_blow_normal_event1_0.860s,0.907669,5.597816
1782608608865_blow_normal_event1_1.090s,1782608657180_blow_normal_event1_1.130s,0.940133,9.344046
1782608608865_blow_normal_event1_1.090s,1782608662652_blow_normal_event1_1.150s,0.789013,9.567199
1782608608865_blow_normal_event1_1.090s,1782608664944_blow_normal_event1_0.970s,0.929288,10.393249
1782608608865_blow_normal_event1_1.090s,1782608667017_blow_normal_event1_1.030s,0.273175,15.848834
1782608608865_blow_normal_event1_1.090s,1782608668892_blow_normal_event1_1.050s,0.266547,14.383096
1782608608865_blow_normal_event1_1.090s,1782608670794_blow_normal_event1_0.950s,0.897283,11.316392
1782608608865_blow_normal_event1_1.090s,1782608672740_blow_normal_event1_1.010s,0.167089,16.466543
1782608608865_blow_normal_event1_1.090s,1782608677735_blow_normal_event1_0.840s,0.031961,17.269254
1782608608865_blow_normal_event1_1.090s,1782608679544_blow_normal_event1_0.790s,0.776879,7.033686
1782608611657_blow_normal_event1_1.070s,1782608614338_blow_normal_event1_0.970s,0.555646,11.218802
1782608611657_blow_normal_event1_1.070s,1782608616573_blow_normal_event1_1.140s,0.916877,4.086462
1782608611657_blow_normal_event1_1.070s,1782608618931_blow_normal_event1_0.940s,0.473221,8.705048
1782608611657_blow_normal_event1_1.070s,1782608645573_blow_normal_event1_1.080s,0.925450,11.625187
1782608611657_blow_normal_event1_1.070s,1782608649116_blow_normal_event1_0.860s,0.966967,6.203843
1782608611657_blow_normal_event1_1.070s,1782608657180_blow_normal_event1_1.130s,0.956439,12.744845
1782608611657_blow_normal_event1_1.070s,1782608662652_blow_normal_event1_1.150s,0.769321,11.638082
1782608611657_blow_normal_event1_1.070s,1782608664944_blow_normal_event1_0.970s,0.950470,14.832901
1782608611657_blow_normal_event1_1.070s,1782608667017_blow_normal_event1_1.030s,0.248453,14.883383
1782608611657_blow_normal_event1_1.070s,1782608668892_blow_normal_event1_1.050s,0.212354,13.281335
1782608611657_blow_normal_event1_1.070s,1782608670794_blow_normal_event1_0.950s,0.926836,14.891612
1782608611657_blow_normal_event1_1.070s,1782608672740_blow_normal_event1_1.010s,0.119864,15.511392
1782608611657_blow_normal_event1_1.070s,1782608677735_blow_normal_event1_0.840s,-0.017399,16.118211
1782608611657_blow_normal_event1_1.070s,1782608679544_blow_normal_event1_0.790s,0.830418,7.565234
1782608614338_blow_normal_event1_0.970s,1782608616573_blow_normal_event1_1.140s,0.504165,10.037171
1782608614338_blow_normal_event1_0.970s,1782608618931_blow_normal_event1_0.940s,0.862640,8.155972
1782608614338_blow_normal_event1_0.970s,1782608645573_blow_normal_event1_1.080s,0.654201,13.576540
1782608614338_blow_normal_event1_0.970s,1782608649116_blow_normal_event1_0.860s,0.514866,12.603365
1782608614338_blow_normal_event1_0.970s,1782608657180_blow_normal_event1_1.130s,0.387627,17.749749
1782608614338_blow_normal_event1_0.970s,1782608662652_blow_normal_event1_1.150s,0.706554,10.941500
1782608614338_blow_normal_event1_0.970s,1782608664944_blow_normal_event1_0.970s,0.558572,13.985851
1782608614338_blow_normal_event1_0.970s,1782608667017_blow_normal_event1_1.030s,0.775094,8.345250
1782608614338_blow_normal_event1_0.970s,1782608668892_blow_normal_event1_1.050s,0.705865,8.681603
1782608614338_blow_normal_event1_0.970s,1782608670794_blow_normal_event1_0.950s,0.632605,12.545664
1782608614338_blow_normal_event1_0.970s,1782608672740_blow_normal_event1_1.010s,0.667193,9.516021
1782608614338_blow_normal_event1_0.970s,1782608677735_blow_normal_event1_0.840s,0.643865,9.932239
1782608614338_blow_normal_event1_0.970s,1782608679544_blow_normal_event1_0.790s,0.844571,6.636754
1782608616573_blow_normal_event1_1.140s,1782608618931_blow_normal_event1_0.940s,0.512088,7.007887
1782608616573_blow_normal_event1_1.140s,1782608645573_blow_normal_event1_1.080s,0.797343,12.531315
1782608616573_blow_normal_event1_1.140s,1782608649116_blow_normal_event1_0.860s,0.888798,6.774318
1782608616573_blow_normal_event1_1.140s,1782608657180_blow_normal_event1_1.130s,0.890345,12.164245
1782608616573_blow_normal_event1_1.140s,1782608662652_blow_normal_event1_1.150s,0.831788,9.637659
1782608616573_blow_normal_event1_1.140s,1782608664944_blow_normal_event1_0.970s,0.897746,13.263741
1782608616573_blow_normal_event1_1.140s,1782608667017_blow_normal_event1_1.030s,0.376626,12.690929
1782608616573_blow_normal_event1_1.140s,1782608668892_blow_normal_event1_1.050s,0.356707,11.185211
1782608616573_blow_normal_event1_1.140s,1782608670794_blow_normal_event1_0.950s,0.896680,13.052298
1782608616573_blow_normal_event1_1.140s,1782608672740_blow_normal_event1_1.010s,0.296727,13.121257
1782608616573_blow_normal_event1_1.140s,1782608677735_blow_normal_event1_0.840s,0.159773,13.936656
1782608616573_blow_normal_event1_1.140s,1782608679544_blow_normal_event1_0.790s,0.778144,7.546970
1782608618931_blow_normal_event1_0.940s,1782608645573_blow_normal_event1_1.080s,0.492979,14.755895
1782608618931_blow_normal_event1_0.940s,1782608649116_blow_normal_event1_0.860s,0.430541,11.299644
1782608618931_blow_normal_event1_0.940s,1782608657180_blow_normal_event1_1.130s,0.300401,17.322306
1782608618931_blow_normal_event1_0.940s,1782608662652_blow_normal_event1_1.150s,0.749044,13.691164
1782608618931_blow_normal_event1_0.940s,1782608664944_blow_normal_event1_0.970s,0.492825,16.513946
1782608618931_blow_normal_event1_0.940s,1782608667017_blow_normal_event1_1.030s,0.802129,10.726538
1782608618931_blow_normal_event1_0.940s,1782608668892_blow_normal_event1_1.050s,0.784247,7.501723
1782608618931_blow_normal_event1_0.940s,1782608670794_blow_normal_event1_0.950s,0.566003,16.669404
1782608618931_blow_normal_event1_0.940s,1782608672740_blow_normal_event1_1.010s,0.727439,10.580698
1782608618931_blow_normal_event1_0.940s,1782608677735_blow_normal_event1_0.840s,0.675546,9.474915
1782608618931_blow_normal_event1_0.940s,1782608679544_blow_normal_event1_0.790s,0.727541,8.510658
1782608645573_blow_normal_event1_1.080s,1782608649116_blow_normal_event1_0.860s,0.936415,8.542192
1782608645573_blow_normal_event1_1.080s,1782608657180_blow_normal_event1_1.130s,0.894408,7.882332
1782608645573_blow_normal_event1_1.080s,1782608662652_blow_normal_event1_1.150s,0.722824,12.773041
1782608645573_blow_normal_event1_1.080s,1782608664944_blow_normal_event1_0.970s,0.932027,7.336515
1782608645573_blow_normal_event1_1.080s,1782608667017_blow_normal_event1_1.030s,0.260659,18.666342
1782608645573_blow_normal_event1_1.080s,1782608668892_blow_normal_event1_1.050s,0.205459,18.013246
1782608645573_blow_normal_event1_1.080s,1782608670794_blow_normal_event1_0.950s,0.928228,8.388286
1782608645573_blow_normal_event1_1.080s,1782608672740_blow_normal_event1_1.010s,0.108502,19.132515
1782608645573_blow_normal_event1_1.080s,1782608677735_blow_normal_event1_0.840s,0.009155,20.242811
1782608645573_blow_normal_event1_1.080s,1782608679544_blow_normal_event1_0.790s,0.902137,8.871480
1782608649116_blow_normal_event1_0.860s,1782608657180_blow_normal_event1_1.130s,0.955632,8.327147
1782608649116_blow_normal_event1_0.860s,1782608662652_blow_normal_event1_1.150s,0.715101,10.408372
1782608649116_blow_normal_event1_0.860s,1782608664944_blow_normal_event1_0.970s,0.954384,9.484954
1782608649116_blow_normal_event1_0.860s,1782608667017_blow_normal_event1_1.030s,0.176525,17.391914
1782608649116_blow_normal_event1_0.860s,1782608668892_blow_normal_event1_1.050s,0.168143,15.836652
1782608649116_blow_normal_event1_0.860s,1782608670794_blow_normal_event1_0.950s,0.922747,9.941566
1782608649116_blow_normal_event1_0.860s,1782608672740_blow_normal_event1_1.010s,0.066891,17.823873
1782608649116_blow_normal_event1_0.860s,1782608677735_blow_normal_event1_0.840s,-0.078633,18.878204
1782608649116_blow_normal_event1_0.860s,1782608679544_blow_normal_event1_0.790s,0.830240,7.210566
1782608657180_blow_normal_event1_1.130s,1782608662652_blow_normal_event1_1.150s,0.707402,11.748973
1782608657180_blow_normal_event1_1.130s,1782608664944_blow_normal_event1_0.970s,0.953887,5.798172
1782608657180_blow_normal_event1_1.130s,1782608667017_blow_normal_event1_1.030s,0.092457,21.972942
1782608657180_blow_normal_event1_1.130s,1782608668892_blow_normal_event1_1.050s,0.055583,21.505734
1782608657180_blow_normal_event1_1.130s,1782608670794_blow_normal_event1_0.950s,0.915799,7.359115
1782608657180_blow_normal_event1_1.130s,1782608672740_blow_normal_event1_1.010s,-0.020747,22.018799
1782608657180_blow_normal_event1_1.130s,1782608677735_blow_normal_event1_0.840s,-0.181060,24.295618
1782608657180_blow_normal_event1_1.130s,1782608679544_blow_normal_event1_0.790s,0.743365,13.017312
1782608662652_blow_normal_event1_1.150s,1782608664944_blow_normal_event1_0.970s,0.804927,9.374184
1782608662652_blow_normal_event1_1.150s,1782608667017_blow_normal_event1_1.030s,0.663092,11.294758
1782608662652_blow_normal_event1_1.150s,1782608668892_blow_normal_event1_1.050s,0.648786,11.137359
1782608662652_blow_normal_event1_1.150s,1782608670794_blow_normal_event1_0.950s,0.851189,7.689602
1782608662652_blow_normal_event1_1.150s,1782608672740_blow_normal_event1_1.010s,0.591822,11.901937
1782608662652_blow_normal_event1_1.150s,1782608677735_blow_normal_event1_0.840s,0.482490,13.561659
1782608662652_blow_normal_event1_1.150s,1782608679544_blow_normal_event1_0.790s,0.845949,9.038567
1782608664944_blow_normal_event1_0.970s,1782608667017_blow_normal_event1_1.030s,0.255614,18.630873
1782608664944_blow_normal_event1_0.970s,1782608668892_blow_normal_event1_1.050s,0.238257,17.685785
1782608664944_blow_normal_event1_0.970s,1782608670794_blow_normal_event1_0.950s,0.948163,5.075226
1782608664944_blow_normal_event1_0.970s,1782608672740_blow_normal_event1_1.010s,0.138186,18.604047
1782608664944_blow_normal_event1_0.970s,1782608677735_blow_normal_event1_0.840s,0.000592,20.518716
1782608664944_blow_normal_event1_0.970s,1782608679544_blow_normal_event1_0.790s,0.868975,10.879192
1782608667017_blow_normal_event1_1.030s,1782608668892_blow_normal_event1_1.050s,0.930672,5.964901
1782608667017_blow_normal_event1_1.030s,1782608670794_blow_normal_event1_0.950s,0.370277,16.232785
1782608667017_blow_normal_event1_1.030s,1782608672740_blow_normal_event1_1.010s,0.943721,4.552053
1782608667017_blow_normal_event1_1.030s,1782608677735_blow_normal_event1_0.840s,0.918954,6.237840
1782608667017_blow_normal_event1_1.030s,1782608679544_blow_normal_event1_0.790s,0.543181,11.819962
1782608668892_blow_normal_event1_1.050s,1782608670794_blow_normal_event1_0.950s,0.303446,16.901313
1782608668892_blow_normal_event1_1.050s,1782608672740_blow_normal_event1_1.010s,0.953768,4.296708
1782608668892_blow_normal_event1_1.050s,1782608677735_blow_normal_event1_0.840s,0.899971,5.559326
1782608668892_blow_normal_event1_1.050s,1782608679544_blow_normal_event1_0.790s,0.494775,10.633658
1782608670794_blow_normal_event1_0.950s,1782608672740_blow_normal_event1_1.010s,0.251039,16.052933
1782608670794_blow_normal_event1_0.950s,1782608677735_blow_normal_event1_0.840s,0.116965,18.056901
1782608670794_blow_normal_event1_0.950s,1782608679544_blow_normal_event1_0.790s,0.896096,10.473074
1782608672740_blow_normal_event1_1.010s,1782608677735_blow_normal_event1_0.840s,0.941420,5.386099
1782608672740_blow_normal_event1_1.010s,1782608679544_blow_normal_event1_0.790s,0.401907,12.887243
1782608677735_blow_normal_event1_0.840s,1782608679544_blow_normal_event1_0.790s,0.357002,12.419917
