source_wav,records\1782605969288_blow-normal\1782605969288_blow-normal.wav
sample_rate_hz,16000
window_size_samples,2048
window_duration_ms,128.0
search_radius_ms,120.0
requested_times_s,2.10000;3.56000;4.75000
peak_times_s,2.11587;3.54844;4.70981

frequency_hz,blow_1_requested_2.10s_peak_2.11587s_dbfs,blow_2_requested_3.56s_peak_3.54844s_dbfs,blow_3_requested_4.75s_peak_4.70981s_dbfs,mean_dbfs
0.000000,-46.876042,-65.637238,-73.342778,-61.952019
7.812500,-49.817042,-63.937702,-75.458466,-63.071070
15.625000,-55.695150,-66.152793,-74.242636,-65.363527
23.437500,-62.744239,-61.708741,-67.131971,-63.861650
31.250000,-62.550560,-57.679995,-63.865715,-61.365423
39.062500,-46.310882,-61.729111,-64.315544,-57.451846
46.875000,-47.235492,-60.550434,-65.721081,-57.835669
54.687500,-41.537273,-54.407849,-65.779912,-53.908345
62.500000,-35.726778,-49.167136,-65.458973,-50.117629
70.312500,-36.597643,-51.889605,-56.789661,-48.425636
78.125000,-39.234629,-53.234312,-53.573179,-48.680707
85.937500,-58.989734,-48.721259,-54.362369,-54.024454
93.750000,-32.870850,-44.130106,-55.608847,-44.203268
101.562500,-31.753115,-46.732187,-56.966236,-45.150513
109.375000,-40.742466,-45.813571,-60.398276,-48.984771
117.187500,-41.929849,-45.750140,-55.438517,-47.706169
125.000000,-32.877456,-42.408834,-52.007714,-42.431335
132.812500,-32.727482,-42.412338,-51.026761,-42.055527
140.625000,-40.101268,-52.727944,-51.661340,-48.163517
148.437500,-44.269264,-47.195985,-51.514152,-47.659800
156.250000,-39.800817,-43.119519,-50.359322,-44.426553
164.062500,-37.454648,-43.133936,-49.349116,-43.312567
171.875000,-29.247506,-44.124257,-48.604962,-40.658908
179.687500,-28.961481,-45.586377,-49.399732,-41.315864
187.500000,-31.077434,-48.247425,-51.506462,-43.610440
195.312500,-28.122523,-75.217054,-51.953422,-51.764333
203.125000,-28.802200,-50.351550,-51.656051,-43.603267
210.937500,-29.347260,-47.639615,-53.630115,-43.538997
218.750000,-28.664540,-46.916620,-56.361194,-43.980785
226.562500,-28.631186,-50.676711,-57.840221,-45.716040
234.375000,-30.732189,-56.993187,-60.351361,-49.358913
242.187500,-31.154348,-55.120208,-62.603484,-49.626014
250.000000,-28.222062,-49.385395,-64.227390,-47.278283
257.812500,-27.768273,-51.131583,-67.439467,-48.779774
265.625000,-31.515678,-61.687075,-70.408409,-54.537054
273.437500,-37.043893,-61.864453,-70.416165,-56.441504
281.250000,-44.604516,-53.120795,-68.930546,-55.551952
289.062500,-37.303925,-48.808032,-67.359117,-51.157025
296.875000,-36.165832,-51.512332,-65.423234,-51.033799
304.687500,-52.196057,-50.908872,-63.670307,-55.591745
312.500000,-41.170921,-52.435907,-62.705839,-52.104222
320.312500,-37.477450,-59.211607,-62.567078,-53.085378
328.125000,-38.326443,-64.034834,-62.458411,-54.939896
335.937500,-39.608491,-56.979610,-62.573372,-53.053824
343.750000,-52.089253,-57.652566,-63.418406,-57.720075
351.562500,-43.892995,-61.424996,-64.380765,-56.566252
359.375000,-38.029648,-61.091777,-65.135703,-54.752376
367.187500,-41.442570,-63.377048,-65.991243,-56.936954
375.000000,-45.809010,-77.364112,-67.075181,-63.416101
382.812500,-35.179154,-63.968783,-67.718985,-55.622307
390.625000,-35.654650,-61.770511,-68.759905,-55.395022
398.437500,-38.745651,-61.116365,-70.986765,-56.949594
406.250000,-43.258506,-62.178501,-73.741344,-59.726117
414.062500,-48.657599,-59.901203,-75.960665,-61.506489
421.875000,-45.342904,-58.539650,-77.410883,-60.431146
429.687500,-40.628831,-58.015904,-80.911823,-59.852186
437.500000,-43.016197,-57.355133,-86.761372,-62.377567
445.312500,-51.652948,-60.450804,-94.934057,-69.012603
453.125000,-45.174460,-66.136852,-101.625153,-70.978822
460.937500,-48.676173,-68.142140,-88.342445,-68.386919
468.750000,-57.024964,-69.284057,-91.705598,-72.671540
476.562500,-54.694005,-68.124838,-83.510466,-68.776436
484.375000,-60.860340,-79.259526,-81.466418,-73.862095
492.187500,-45.134925,-65.058102,-86.322005,-65.505010
500.000000,-43.650046,-63.592801,-92.934403,-66.725750
507.812500,-55.308729,-63.206122,-88.804134,-69.106328
515.625000,-52.897842,-65.837549,-80.985018,-66.573470
523.437500,-51.461580,-65.727112,-75.323111,-64.170601
531.250000,-49.578499,-66.291461,-76.645890,-64.171950
539.062500,-58.033972,-74.023120,-80.349293,-70.802129
546.875000,-54.560611,-68.905672,-79.487200,-67.651161
554.687500,-48.654684,-77.067159,-95.817765,-73.846536
562.500000,-47.309940,-80.208253,-81.275806,-69.598000
570.312500,-49.391754,-69.312358,-81.088061,-66.597391
578.125000,-54.773193,-65.584911,-94.857109,-71.738404
585.937500,-58.662164,-69.966727,-89.150578,-72.593156
593.750000,-53.647751,-69.390475,-81.778112,-68.272113
601.562500,-49.777502,-73.303616,-77.282403,-66.787841
609.375000,-47.297878,-72.850405,-78.251141,-66.133141
617.187500,-48.295508,-74.053434,-87.741808,-70.030250
625.000000,-52.830217,-75.744429,-82.597750,-70.390799
632.812500,-54.630861,-79.340178,-82.056262,-72.009100
640.625000,-54.625982,-86.581820,-87.085341,-76.097714
648.437500,-56.352525,-83.611089,-101.528212,-80.497275
656.250000,-50.169114,-77.655149,-87.379725,-71.734663
664.062500,-45.146926,-80.197954,-87.599310,-70.981397
671.875000,-44.004933,-74.252662,-91.304272,-69.853955
679.687500,-45.088049,-76.782231,-94.021658,-71.963980
687.500000,-46.040846,-76.943296,-91.185004,-71.389715
695.312500,-47.813267,-79.265132,-94.083121,-73.720507
703.125000,-47.165917,-79.632352,-101.158345,-75.985538
710.937500,-46.700161,-82.144812,-95.896590,-74.913854
718.750000,-49.532452,-80.041421,-99.124527,-76.232800
726.562500,-51.131049,-77.443661,-96.141986,-74.905565
734.375000,-50.794983,-82.699650,-99.917219,-77.803951
742.187500,-51.157693,-81.145546,-100.396920,-77.566720
750.000000,-51.402427,-78.298101,-95.001024,-74.900517
757.812500,-48.798310,-81.815014,-96.857653,-75.823659
765.625000,-47.889708,-87.961384,-95.757706,-77.202933
773.437500,-49.535243,-97.501060,-94.128449,-80.388251
781.250000,-48.899130,-85.733774,-93.543466,-76.058790
789.062500,-47.309180,-83.193109,-92.440537,-74.314275
796.875000,-46.325511,-82.906112,-92.663321,-73.964981
804.687500,-47.271691,-82.388828,-94.242489,-74.634336
812.500000,-48.805320,-83.792478,-93.647808,-75.415202
820.312500,-47.893062,-86.452638,-90.581145,-74.975615
828.125000,-47.812621,-85.468567,-88.733297,-74.004828
835.937500,-47.543310,-85.556800,-88.440955,-73.847022
843.750000,-48.554442,-86.940902,-89.317640,-74.937662
851.562500,-51.754345,-119.533738,-90.715926,-87.334670
859.375000,-54.395095,-89.427236,-92.739733,-78.854021
867.187500,-55.814845,-96.258943,-92.629403,-81.567730
875.000000,-55.395436,-83.180186,-92.649866,-77.075163
882.812500,-53.618807,-80.444764,-94.559955,-76.207842
890.625000,-53.461260,-82.880959,-93.546454,-76.629558
898.437500,-54.549535,-82.267845,-91.133719,-75.983700
906.250000,-57.418427,-78.371289,-89.669605,-75.153107
914.062500,-66.480308,-76.852074,-88.907855,-77.413412
921.875000,-57.517619,-81.148871,-89.315946,-75.994146
929.687500,-51.965842,-83.994330,-89.482512,-75.147561
937.500000,-50.763763,-82.959359,-87.845022,-73.856048
945.312500,-53.287497,-79.827084,-86.602655,-73.239078
953.125000,-58.462549,-76.200371,-89.437418,-74.700113
960.937500,-57.315673,-77.374433,-107.695115,-80.795074
968.750000,-55.291401,-79.100389,-91.122044,-75.171278
976.562500,-55.082267,-76.304901,-87.674881,-73.020683
984.375000,-53.616250,-72.010322,-85.139646,-70.255406
992.187500,-52.262900,-73.209271,-86.393801,-70.621991
1000.000000,-53.617332,-79.753820,-89.443805,-74.271652
1007.812500,-61.050846,-90.557365,-93.727847,-81.778686
1015.625000,-59.214678,-80.483805,-97.181557,-78.960013
1023.437500,-55.759710,-79.500875,-85.388316,-73.549634
1031.250000,-54.166377,-83.674065,-84.797321,-74.212588
1039.062500,-52.372849,-89.232454,-87.950303,-76.518535
1046.875000,-51.679104,-84.058427,-90.917630,-75.551721
1054.687500,-52.204658,-81.828328,-93.023207,-75.685398
1062.500000,-54.225063,-74.754777,-92.589209,-73.856349
1070.312500,-58.949825,-76.780227,-90.466924,-75.398992
1078.125000,-65.194096,-92.698350,-89.696427,-82.529625
1085.937500,-58.258500,-87.716093,-85.376090,-77.116894
1093.750000,-52.847464,-96.051603,-82.429102,-77.109390
1101.562500,-49.679860,-81.855806,-82.130119,-71.221928
1109.375000,-48.899992,-75.605236,-84.187826,-69.564351
1117.187500,-50.297404,-75.012203,-87.147048,-70.818885
1125.000000,-53.251207,-77.694978,-90.237203,-73.727796
1132.812500,-57.086379,-79.581837,-96.435882,-77.701366
1140.625000,-57.563668,-75.836226,-94.069351,-75.823082
1148.437500,-53.680954,-74.751579,-87.472496,-71.968343
1156.250000,-51.231311,-79.772578,-87.569520,-72.857803
1164.062500,-50.312225,-82.986284,-89.690922,-74.329810
1171.875000,-50.346398,-78.611993,-97.305571,-75.421321
1179.687500,-51.849838,-81.176177,-98.606383,-77.210799
1187.500000,-54.095557,-78.112354,-102.044658,-78.084190
1195.312500,-55.419067,-80.080095,-96.511456,-77.336873
1203.125000,-55.169859,-86.017622,-94.106300,-78.431260
1210.937500,-53.230006,-81.602152,-91.372290,-75.401483
1218.750000,-51.887862,-75.170295,-90.275839,-72.444665
1226.562500,-51.953568,-76.955763,-88.761238,-72.556856
1234.375000,-53.377277,-90.389144,-83.531987,-75.766136
1242.187500,-55.577406,-79.161742,-80.245604,-71.661584
1250.000000,-57.998312,-77.531235,-80.876718,-72.135421
1257.812500,-58.988953,-83.146160,-85.678385,-75.937833
1265.625000,-57.297255,-87.423023,-83.428940,-76.049739
1273.437500,-58.126028,-80.269175,-78.089607,-72.161603
1281.250000,-60.268175,-78.340921,-72.906085,-70.505060
1289.062500,-61.439066,-81.829239,-72.327254,-71.865186
1296.875000,-64.189571,-91.033177,-80.364118,-78.528955
1304.687500,-71.551378,-80.596242,-80.728520,-77.625380
1312.500000,-73.558055,-82.591067,-80.699942,-78.949688
1320.312500,-66.373977,-81.046588,-81.160338,-76.193634
1328.125000,-64.993763,-76.170178,-78.585149,-73.249697
1335.937500,-64.569568,-80.389715,-79.445047,-74.801443
1343.750000,-62.288713,-99.483259,-83.883339,-81.885104
1351.562500,-61.963549,-85.350482,-80.496896,-75.936976
1359.375000,-61.671894,-75.652495,-78.262988,-71.862459
1367.187500,-63.925678,-74.917726,-76.494470,-71.779291
1375.000000,-64.639168,-80.685764,-77.213481,-74.179471
1382.812500,-63.237159,-78.895673,-77.258613,-73.130482
1390.625000,-64.014424,-92.208745,-77.534019,-77.919062
1398.437500,-67.226846,-77.356662,-86.773221,-77.118910
1406.250000,-65.703585,-74.209886,-87.882270,-75.931914
1414.062500,-68.922840,-77.071696,-81.589536,-75.861358
1421.875000,-77.459523,-80.857211,-81.561290,-79.959341
1429.687500,-98.565427,-81.227929,-83.799581,-87.864312
1437.500000,-75.887817,-88.062812,-83.696042,-82.548890
1445.312500,-73.571568,-79.090175,-84.039885,-78.900543
1453.125000,-71.621249,-73.037434,-86.888677,-77.182453
1460.937500,-67.797193,-74.121139,-88.226867,-76.715067
1468.750000,-75.346391,-74.249964,-82.249390,-77.281915
1476.562500,-70.901230,-74.216287,-78.337805,-74.485107
1484.375000,-63.317801,-74.104119,-79.249967,-72.223963
1492.187500,-61.473675,-74.194366,-84.482856,-73.383632
1500.000000,-61.955586,-75.731424,-86.303521,-74.663511
1507.812500,-62.714646,-91.067039,-84.265533,-79.349073
1515.625000,-64.550938,-81.049855,-80.400597,-75.333797
1523.437500,-70.058241,-82.319839,-78.929961,-77.102680
1531.250000,-80.236813,-95.988612,-81.133442,-85.786289
1539.062500,-74.835286,-83.711622,-86.586364,-81.711090
1546.875000,-67.745255,-80.746044,-89.545075,-79.345458
1554.687500,-65.441291,-81.122834,-79.609031,-75.391052
1562.500000,-63.523111,-89.039969,-78.968621,-77.177233
1570.312500,-68.361660,-84.914185,-83.131449,-78.802432
1578.125000,-70.481738,-75.595405,-86.393633,-77.490259
1585.937500,-66.182073,-77.783958,-84.756250,-76.240760
1593.750000,-69.139338,-88.470583,-84.474134,-80.694685
1601.562500,-67.405543,-86.955619,-86.895967,-80.419043
1609.375000,-63.771745,-83.653978,-96.663060,-81.362927
1617.187500,-63.289843,-79.042989,-87.528307,-76.620380
1625.000000,-65.858524,-83.683559,-83.000198,-77.514094
1632.812500,-67.422515,-81.293245,-83.364693,-77.360151
1640.625000,-66.403254,-73.892833,-82.747322,-74.347803
1648.437500,-70.026387,-75.912285,-84.995619,-76.978097
1656.250000,-64.720443,-82.813954,-92.295361,-79.943253
1664.062500,-64.253409,-75.219858,-86.226476,-75.233248
1671.875000,-68.013741,-72.615846,-84.000170,-74.876586
1679.687500,-65.993958,-68.989931,-87.488673,-74.157521
1687.500000,-68.140111,-67.947569,-87.267994,-74.451891
1695.312500,-68.437604,-71.353276,-81.031387,-73.607422
1703.125000,-68.221617,-78.250167,-80.902211,-75.791332
1710.937500,-68.458697,-84.897544,-83.532550,-78.962930
1718.750000,-64.375004,-82.834787,-84.706906,-77.305566
1726.562500,-66.702594,-77.459179,-92.322539,-78.828104
1734.375000,-75.367311,-78.092596,-92.085037,-81.848315
1742.187500,-63.621259,-83.456003,-87.195560,-78.090941
1750.000000,-62.134690,-73.010928,-85.878877,-73.674831
1757.812500,-68.811884,-78.190760,-92.625230,-79.875958
1765.625000,-75.386407,-75.319942,-82.968590,-77.891646
1773.437500,-66.352015,-71.950375,-79.095277,-72.465889
1781.250000,-63.917491,-76.081501,-81.836575,-73.945189
1789.062500,-67.504622,-80.899349,-85.171771,-77.858581
1796.875000,-82.763423,-77.085256,-81.196423,-80.348367
1804.687500,-67.514249,-84.754506,-80.176588,-77.481781
1812.500000,-65.553404,-79.795452,-81.718121,-75.688992
1820.312500,-71.307412,-75.338774,-82.982106,-76.542764
1828.125000,-69.568646,-88.024653,-82.719765,-80.104355
1835.937500,-63.624500,-82.833200,-85.728831,-77.395510
1843.750000,-65.651794,-80.324294,-88.030341,-78.002143
1851.562500,-74.233007,-78.765389,-84.874421,-79.290939
1859.375000,-77.151368,-81.081605,-80.632669,-79.621881
1867.187500,-73.351274,-86.807393,-81.685289,-80.614652
1875.000000,-78.357892,-86.623399,-82.906424,-82.629238
1882.812500,-63.575889,-82.492014,-83.380491,-76.482798
1890.625000,-62.634575,-86.851128,-86.315519,-78.600407
1898.437500,-69.351089,-74.986955,-87.895927,-77.411323
1906.250000,-75.326277,-74.483391,-86.060522,-78.623397
1914.062500,-68.212362,-79.763143,-85.870968,-77.948825
1921.875000,-68.679421,-82.534784,-87.731865,-79.648690
1929.687500,-72.818772,-80.516178,-87.910778,-80.415243
1937.500000,-89.881558,-85.112916,-86.402449,-87.132308
1945.312500,-74.554231,-93.725408,-89.899461,-86.059700
1953.125000,-77.535903,-84.003408,-95.029266,-85.522859
1960.937500,-92.752663,-84.320099,-100.605519,-92.559427
1968.750000,-72.267295,-84.176651,-94.282267,-83.575404
1976.562500,-70.742795,-88.659079,-92.562439,-83.988104
1984.375000,-76.629124,-83.164021,-89.404802,-83.065982
1992.187500,-78.590406,-82.313519,-85.109313,-82.004413
2000.000000,-73.052917,-90.773552,-83.305520,-82.377330
2007.812500,-68.484590,-86.279356,-86.741375,-80.501774
2015.625000,-67.771250,-86.680471,-94.885162,-83.112294
2023.437500,-71.852666,-86.915993,-90.234927,-83.001195
2031.250000,-77.186494,-93.250477,-88.376998,-86.271323
2039.062500,-76.131619,-105.558067,-92.385178,-91.358288
2046.875000,-77.184946,-85.658519,-83.131572,-81.991679
2054.687500,-81.471614,-86.821078,-86.063500,-84.785397
2062.500000,-76.859042,-81.154397,-90.921818,-82.978419
2070.312500,-77.282721,-81.841910,-85.714924,-81.613185
2078.125000,-77.627077,-92.834489,-82.612855,-84.358141
2085.937500,-72.609393,-87.518962,-84.072115,-81.400157
2093.750000,-71.653449,-89.148327,-91.710408,-84.170728
2101.562500,-74.532056,-87.355519,-98.362072,-86.749882
2109.375000,-82.770631,-84.121291,-93.920290,-86.937404
2117.187500,-76.879309,-84.009124,-100.814879,-87.234437
2125.000000,-75.423752,-80.157900,-97.293378,-84.291677
2132.812500,-80.523791,-78.993030,-105.639529,-88.385450
2140.625000,-74.601883,-78.421219,-90.470282,-81.164461
2148.437500,-70.171327,-81.617902,-90.388301,-80.725843
2156.250000,-69.039654,-86.736828,-88.818400,-81.531627
2164.062500,-70.053858,-85.088925,-85.631718,-80.258167
2171.875000,-72.938406,-86.374946,-85.388240,-81.567197
2179.687500,-77.401243,-92.483834,-86.365147,-85.416741
2187.500000,-78.290886,-87.612088,-87.077855,-84.326943
2195.312500,-71.902009,-79.573998,-96.174631,-82.550213
2203.125000,-71.344532,-77.197870,-91.080012,-79.874138
2210.937500,-74.706222,-80.725072,-101.898447,-85.776580
2218.750000,-73.789458,-93.397165,-86.188083,-84.458235
2226.562500,-73.986302,-90.072405,-86.373999,-83.477568
2234.375000,-78.067971,-94.665331,-119.191696,-97.308333
2242.187500,-78.663188,-89.776439,-89.097121,-85.845582
2250.000000,-79.059095,-85.013035,-85.945733,-83.339287
2257.812500,-76.461771,-86.383256,-86.778793,-83.207940
2265.625000,-75.740719,-95.668821,-89.620256,-87.009932
2273.437500,-77.423041,-101.291309,-93.861214,-90.858522
2281.250000,-79.785513,-93.387363,-85.804855,-86.325911
2289.062500,-79.500686,-88.607512,-83.280275,-83.796158
2296.875000,-86.339920,-86.283068,-86.412571,-86.345186
2304.687500,-78.900189,-84.529222,-85.826831,-83.085414
2312.500000,-76.766333,-85.096965,-83.399522,-81.754273
2320.312500,-78.180440,-85.254083,-89.578938,-84.337820
2328.125000,-84.513507,-77.080758,-82.776627,-81.456964
2335.937500,-86.587100,-79.614031,-79.522105,-81.907745
2343.750000,-82.054444,-84.994177,-79.360665,-82.136428
2351.562500,-79.409988,-79.345983,-79.806205,-79.520725
2359.375000,-76.738912,-78.007061,-83.175450,-79.307141
2367.187500,-82.939845,-79.800238,-89.961348,-84.233811
2375.000000,-73.615472,-80.526857,-96.411673,-83.518001
2382.812500,-75.633429,-79.128466,-90.864833,-81.875576
2390.625000,-79.612828,-76.397172,-84.868565,-80.292855
2398.437500,-78.282304,-76.827835,-83.728072,-79.612737
2406.250000,-78.683253,-82.000901,-84.245126,-81.643093
2414.062500,-79.392993,-87.967561,-93.398717,-86.919757
2421.875000,-75.014961,-83.553431,-89.800281,-82.789558
2429.687500,-73.743345,-81.317574,-84.678281,-79.913067
2437.500000,-75.541122,-96.318520,-82.604657,-84.821433
2445.312500,-73.983007,-78.716118,-84.895184,-79.198103
2453.125000,-74.464889,-76.053089,-86.123077,-78.880352
2460.937500,-77.815318,-80.013725,-81.701042,-79.843362
2468.750000,-76.899742,-84.031343,-82.831348,-81.254144
2476.562500,-76.389764,-93.105860,-85.250606,-84.915410
2484.375000,-74.016291,-88.024127,-84.766985,-82.269134
2492.187500,-74.756111,-88.236310,-82.761311,-81.917910
2500.000000,-82.808749,-83.797350,-81.842375,-82.816158
2507.812500,-73.140751,-77.257938,-89.840275,-80.079655
2515.625000,-73.397896,-79.633054,-93.451947,-82.160966
2523.437500,-84.507081,-85.868025,-84.721973,-85.032359
2531.250000,-91.797748,-90.422723,-87.653950,-89.958140
2539.062500,-78.118942,-85.356335,-90.443892,-84.639723
2546.875000,-71.028736,-87.008364,-85.711570,-81.249557
2554.687500,-73.184649,-87.639556,-87.492986,-82.772397
2562.500000,-88.910966,-91.639267,-86.338363,-88.962865
2570.312500,-85.719826,-112.714356,-84.480915,-94.305032
2578.125000,-76.622865,-83.972803,-81.425787,-80.673818
2585.937500,-74.002924,-81.804714,-84.264695,-80.024111
2593.750000,-74.301587,-88.437660,-85.708443,-82.815897
2601.562500,-72.777053,-86.605463,-83.310954,-80.897823
2609.375000,-71.060267,-85.323597,-88.258446,-81.547437
2617.187500,-74.438411,-87.152780,-86.178800,-82.589997
2625.000000,-79.789278,-86.659081,-87.469340,-84.639233
2632.812500,-78.611162,-91.477791,-102.919089,-91.002681
2640.625000,-77.159253,-86.635693,-91.296875,-85.030607
2648.437500,-76.141514,-80.582600,-88.623694,-81.782603
2656.250000,-76.865679,-84.552650,-78.759578,-80.059302
2664.062500,-74.620096,-89.299145,-75.700716,-79.873319
2671.875000,-71.339379,-83.745588,-78.478974,-77.854647
2679.687500,-76.911037,-82.087066,-85.053078,-81.350394
2687.500000,-83.606393,-83.774720,-89.234173,-85.538428
2695.312500,-75.598120,-93.688817,-84.162567,-84.483168
2703.125000,-73.819510,-89.016825,-83.588644,-82.141660
2710.937500,-84.782097,-83.039326,-88.920386,-85.580603
2718.750000,-78.971557,-80.849204,-87.369656,-82.396806
2726.562500,-75.541441,-80.602331,-87.969023,-81.370932
2734.375000,-73.932443,-82.600042,-95.421153,-83.984546
2742.187500,-76.434984,-80.632365,-90.480057,-82.515802
2750.000000,-78.881935,-83.271073,-86.897857,-83.016955
2757.812500,-76.522667,-87.146829,-85.564963,-83.078153
2765.625000,-82.114483,-86.576411,-88.490470,-85.727122
2773.437500,-85.957217,-87.762688,-94.065749,-89.261885
2781.250000,-80.299892,-90.729883,-90.804545,-87.278107
2789.062500,-78.430048,-91.909957,-92.426545,-87.588850
2796.875000,-81.457661,-91.193100,-96.204107,-89.618289
2804.687500,-97.933765,-92.279715,-93.686833,-94.633437
2812.500000,-83.494596,-91.463847,-101.200261,-92.052901
2820.312500,-84.568399,-91.244847,-90.950223,-88.921156
2828.125000,-91.698106,-87.418068,-90.190990,-89.769055
2835.937500,-111.306574,-91.743266,-114.706357,-105.918732
2843.750000,-89.382851,-104.534317,-90.114104,-94.677091
2851.562500,-87.183909,-93.160441,-85.589489,-88.644613
2859.375000,-89.674982,-87.927473,-88.259522,-88.620659
2867.187500,-98.051583,-86.695235,-96.817553,-93.854790
2875.000000,-90.757964,-90.123270,-87.146164,-89.342466
2882.812500,-91.034221,-88.338603,-88.411408,-89.261411
2890.625000,-78.038898,-85.924068,-98.127742,-87.363569
2898.437500,-76.004795,-90.175424,-89.942328,-85.374183
2906.250000,-78.139589,-99.476749,-87.945412,-88.520583
2914.062500,-80.688736,-98.146371,-94.138040,-90.991049
2921.875000,-84.624543,-88.114132,-93.552898,-88.763858
2929.687500,-84.927714,-87.305472,-90.961660,-87.731615
2937.500000,-80.763264,-87.973893,-89.290222,-86.009126
2945.312500,-86.572660,-89.528114,-88.678129,-88.259635
2953.125000,-87.790944,-91.775331,-92.376527,-90.647601
2960.937500,-84.369355,-92.007779,-90.102173,-88.826436
2968.750000,-96.747600,-83.723105,-92.605879,-91.025528
2976.562500,-83.188904,-85.217230,-96.846349,-88.417494
2984.375000,-84.246696,-84.004643,-99.819890,-89.357077
2992.187500,-86.381623,-83.625128,-99.140991,-89.715914
3000.000000,-85.409603,-82.128559,-88.663526,-85.400562
3007.812500,-89.971351,-86.258155,-84.926671,-87.052059
3015.625000,-89.230088,-87.717873,-88.888813,-88.612258
3023.437500,-92.199705,-81.477892,-93.345028,-89.007542
3031.250000,-88.677173,-87.797575,-86.516713,-87.663820
3039.062500,-85.605624,-99.849589,-90.017858,-91.824357
3046.875000,-87.720932,-88.617629,-91.848831,-89.395798
3054.687500,-82.661963,-79.882021,-86.874461,-83.139482
3062.500000,-79.617633,-80.138081,-104.246279,-88.000664
3070.312500,-86.355766,-88.665379,-86.248065,-87.089737
3078.125000,-86.939078,-94.460319,-96.642932,-92.680776
3085.937500,-84.686743,-94.537228,-89.582362,-89.602111
3093.750000,-84.097439,-85.860996,-93.255862,-87.738099
3101.562500,-85.105152,-87.016722,-91.342531,-87.821469
3109.375000,-80.025891,-94.024135,-86.149144,-86.733057
3117.187500,-80.765443,-95.568456,-87.948210,-88.094036
3125.000000,-87.258493,-95.389538,-90.752793,-91.133608
3132.812500,-88.607821,-90.093327,-89.209925,-89.303691
3140.625000,-77.864044,-86.420660,-91.722421,-85.335709
3148.437500,-75.535988,-82.017499,-99.438851,-85.664113
3156.250000,-81.952816,-88.896724,-100.795045,-90.548195
3164.062500,-92.514017,-96.383601,-103.298804,-97.398807
3171.875000,-85.441149,-91.063964,-98.892085,-91.799066
3179.687500,-87.427042,-83.959623,-95.696710,-89.027792
3187.500000,-81.835331,-86.490176,-93.090924,-87.138810
3195.312500,-80.153304,-85.262545,-104.790870,-90.068907
3203.125000,-85.316513,-83.542587,-93.547183,-87.468761
3210.937500,-78.776423,-83.800917,-88.383779,-83.653707
3218.750000,-83.161018,-82.666348,-86.853936,-84.227100
3226.562500,-87.000465,-81.958237,-89.074746,-86.011150
3234.375000,-105.557564,-83.111906,-91.615628,-93.428366
3242.187500,-96.069763,-88.283019,-90.836239,-91.729673
3250.000000,-86.036051,-97.007365,-110.708568,-97.917328
3257.812500,-82.654985,-88.183147,-99.353681,-90.063937
3265.625000,-87.432300,-84.515280,-93.155058,-88.367546
3273.437500,-88.405762,-88.742126,-91.019134,-89.389008
3281.250000,-87.617983,-97.387630,-95.243544,-93.416385
3289.062500,-83.234116,-89.705091,-93.612487,-88.850565
3296.875000,-79.857661,-85.052402,-91.861047,-85.590370
3304.687500,-82.037466,-84.621756,-97.530653,-88.063291
3312.500000,-86.414027,-83.410166,-93.063827,-87.629340
3320.312500,-102.797958,-84.375687,-89.886474,-92.353373
3328.125000,-84.597900,-94.970668,-96.467146,-92.011905
3335.937500,-86.104612,-94.864855,-96.206250,-92.391906
3343.750000,-86.459843,-90.899330,-102.981045,-93.446739
3351.562500,-81.993212,-89.838866,-93.406483,-88.412854
3359.375000,-81.291795,-85.971273,-96.643416,-87.968828
3367.187500,-91.808816,-86.904793,-96.082387,-91.598665
3375.000000,-83.910609,-89.134272,-88.565672,-87.203518
3382.812500,-87.201875,-93.361838,-91.426694,-90.663469
3390.625000,-89.110062,-94.337586,-91.474451,-91.640700
3398.437500,-87.595691,-88.978883,-88.430292,-88.334955
3406.250000,-84.666669,-87.514181,-95.839303,-89.340051
3414.062500,-98.194870,-92.263239,-98.915566,-96.457892
3421.875000,-81.417225,-92.126570,-97.880782,-90.474859
3429.687500,-78.542518,-90.611716,-90.182281,-86.445505
3437.500000,-86.511681,-93.284719,-88.939643,-89.578681
3445.312500,-88.001871,-115.617863,-94.190982,-99.270239
3453.125000,-91.034937,-107.350409,-89.551311,-95.978886
3460.937500,-91.869143,-101.267643,-89.941350,-94.359379
3468.750000,-97.500232,-88.925661,-89.891127,-92.105673
3476.562500,-93.223363,-88.705035,-91.839960,-91.256119
3484.375000,-94.093161,-84.291301,-92.071635,-90.152032
3492.187500,-97.672743,-84.230578,-89.658828,-90.520716
3500.000000,-97.202198,-92.624804,-90.209894,-93.345632
3507.812500,-108.623418,-91.383402,-87.987705,-95.998175
3515.625000,-97.358335,-90.003291,-86.708941,-91.356856
3523.437500,-87.183591,-90.568910,-89.080719,-88.944407
3531.250000,-82.030502,-93.746575,-94.618353,-90.131810
3539.062500,-89.351552,-87.242868,-95.354614,-90.649678
3546.875000,-86.395244,-85.352993,-95.322266,-89.023501
3554.687500,-86.376837,-85.141389,-106.396532,-92.638253
3562.500000,-81.894786,-92.817464,-99.774123,-91.495458
3570.312500,-81.607489,-86.705001,-105.634122,-91.315537
3578.125000,-85.163640,-87.096884,-95.281383,-89.180636
3585.937500,-91.641695,-82.559874,-88.820143,-87.673904
3593.750000,-80.426614,-81.454488,-86.695131,-82.858745
3601.562500,-75.929897,-80.727787,-87.620049,-81.425911
3609.375000,-78.116473,-80.714770,-90.266743,-83.032662
3617.187500,-83.078855,-85.967192,-96.980144,-88.675397
3625.000000,-80.848148,-88.742805,-96.088247,-88.559733
3632.812500,-80.521354,-89.518395,-90.330866,-86.790205
3640.625000,-82.141476,-90.778454,-89.260805,-87.393578
3648.437500,-90.737936,-95.287582,-89.589382,-91.871633
3656.250000,-92.259795,-97.207540,-91.228023,-93.565119
3664.062500,-89.764714,-105.688968,-96.345298,-97.266326
3671.875000,-90.470077,-105.771397,-105.308636,-100.516703
3679.687500,-83.314228,-102.121803,-92.897611,-92.777880
3687.500000,-80.794803,-91.215347,-90.493788,-87.501313
3695.312500,-83.122785,-93.955411,-93.621987,-90.233394
3703.125000,-90.029176,-86.770335,-94.101064,-90.300192
3710.937500,-89.806086,-83.086935,-89.113910,-87.335644
3718.750000,-81.612766,-86.675144,-87.553865,-85.280592
3726.562500,-77.705837,-94.993107,-87.558506,-86.752483
3734.375000,-80.527402,-88.209160,-88.551572,-85.762711
3742.187500,-97.022849,-85.185667,-93.370908,-91.859808
3750.000000,-89.492609,-88.586814,-104.296130,-94.125184
3757.812500,-82.992625,-91.167997,-107.947022,-94.035881
3765.625000,-79.980071,-86.754887,-96.010638,-87.581865
3773.437500,-82.135025,-85.440999,-100.422822,-89.332949
3781.250000,-85.129286,-86.186309,-92.917097,-88.077564
3789.062500,-86.447249,-91.528375,-93.529084,-90.501569
3796.875000,-84.845915,-93.617005,-103.644763,-94.035894
3804.687500,-90.220252,-97.393022,-109.686606,-99.099960
3812.500000,-92.991156,-95.792269,-102.087731,-96.957052
3820.312500,-87.144065,-88.939968,-98.642780,-91.575604
3828.125000,-88.743344,-87.126456,-96.781531,-90.883777
3835.937500,-81.657761,-88.632207,-98.719543,-89.669837
3843.750000,-85.913911,-89.592470,-94.858732,-90.121704
3851.562500,-98.861364,-91.163166,-92.151863,-94.058798
3859.375000,-96.290231,-91.294128,-91.155247,-92.913202
3867.187500,-92.443013,-93.352068,-93.252152,-93.015744
3875.000000,-91.182695,-100.933886,-97.339435,-96.485339
3882.812500,-89.265276,-96.439232,-101.227679,-95.644062
3890.625000,-93.014458,-102.647009,-98.391411,-98.017626
3898.437500,-101.627882,-99.147416,-95.561945,-98.779081
3906.250000,-107.813570,-94.370117,-97.449006,-99.877565
3914.062500,-93.009671,-95.038578,-98.317390,-95.455213
3921.875000,-87.459395,-94.919286,-103.560400,-95.313027
3929.687500,-88.121840,-95.288813,-116.225894,-99.878849
3937.500000,-90.635579,-97.089070,-104.894579,-97.539743
3945.312500,-88.857747,-99.127756,-102.220932,-96.735478
3953.125000,-89.090806,-105.215900,-102.530589,-98.945765
3960.937500,-92.856101,-109.596049,-106.006902,-102.819684
3968.750000,-95.834446,-106.590212,-107.693064,-103.372574
3976.562500,-100.817236,-110.055269,-100.636358,-103.836287
3984.375000,-103.279215,-129.595537,-101.002210,-111.292321
3992.187500,-98.289227,-112.820520,-104.731381,-105.280376
4000.000000,-101.257798,-106.532510,-108.096288,-105.295532
4007.812500,-99.660602,-114.911076,-105.364219,-106.645299
4015.625000,-104.147960,-117.481180,-101.653958,-107.761032
4023.437500,-98.067338,-115.637576,-101.130965,-104.945293
4031.250000,-95.093461,-129.197669,-108.072499,-110.787876
4039.062500,-92.341598,-112.502374,-106.257984,-103.700652
4046.875000,-89.537889,-110.822808,-100.496555,-100.285750
4054.687500,-90.361941,-101.136552,-98.803591,-96.767361
4062.500000,-99.727606,-99.964964,-97.430170,-99.040913
4070.312500,-99.526936,-94.446654,-101.210748,-98.394779
4078.125000,-95.741164,-92.660153,-106.123773,-98.175030
4085.937500,-106.289597,-93.905431,-113.300395,-104.498474
4093.750000,-102.082261,-97.985092,-114.894950,-104.987434
4101.562500,-92.710414,-113.513393,-106.549480,-104.257762
4109.375000,-89.619006,-94.210557,-105.892139,-96.573901
4117.187500,-89.290637,-92.012543,-106.289392,-95.864191
4125.000000,-90.301085,-96.000507,-109.735975,-98.679189
4132.812500,-99.323005,-98.340298,-108.626606,-102.096636
4140.625000,-94.921297,-94.210359,-99.952216,-96.361290
4148.437500,-108.210478,-95.624705,-106.560688,-103.465290
4156.250000,-88.658673,-96.675543,-98.515299,-94.616505
4164.062500,-86.215796,-93.600389,-97.641309,-92.485831
4171.875000,-86.436742,-94.401046,-103.708244,-94.848677
4179.687500,-88.052754,-93.685144,-106.716628,-96.151509
4187.500000,-94.493850,-92.654853,-106.035930,-97.728211
4195.312500,-90.446284,-94.428486,-102.046399,-95.640390
4203.125000,-89.419476,-88.438143,-100.221427,-92.693015
4210.937500,-91.355544,-90.019443,-97.682171,-93.019053
4218.750000,-101.152446,-98.471401,-101.607033,-100.410293
4226.562500,-92.163048,-108.472203,-99.521619,-100.052290
4234.375000,-91.770605,-96.382820,-94.885154,-94.346193
4242.187500,-92.064040,-92.013271,-97.236608,-93.771306
4250.000000,-89.173906,-95.609775,-110.942657,-98.575446
4257.812500,-91.844716,-120.100778,-96.980498,-102.975331
4265.625000,-108.721587,-95.528154,-95.879555,-100.043098
4273.437500,-99.438102,-94.416955,-95.294519,-96.383192
4281.250000,-99.877214,-97.385382,-94.426925,-97.229840
4289.062500,-93.985160,-98.612720,-95.087137,-95.895006
4296.875000,-96.517069,-100.013195,-97.395064,-97.975109
4304.687500,-99.539163,-97.653456,-100.266374,-99.152998
4312.500000,-103.425056,-97.649141,-102.702443,-101.258880
4320.312500,-97.131235,-120.446597,-104.016145,-107.197992
4328.125000,-97.483047,-97.521143,-99.467978,-98.157389
4335.937500,-91.379588,-96.676177,-96.023367,-94.693044
4343.750000,-95.014296,-96.223005,-100.891990,-97.376430
4351.562500,-100.733724,-94.598774,-99.861339,-98.397946
4359.375000,-92.326556,-92.996664,-98.848520,-94.723913
4367.187500,-102.449760,-93.851736,-103.855505,-100.052334
4375.000000,-86.559848,-98.358383,-109.465000,-98.127743
4382.812500,-86.877080,-105.365473,-103.118371,-98.453641
4390.625000,-96.370749,-106.013194,-95.622343,-99.335429
4398.437500,-93.343898,-99.523602,-94.384727,-95.750742
4406.250000,-91.718440,-96.487687,-99.902304,-96.036144
4414.062500,-101.670722,-95.878091,-99.976592,-99.175135
4421.875000,-96.680237,-96.929216,-93.966426,-95.858626
4429.687500,-103.503883,-91.058772,-96.594069,-97.052241
4437.500000,-87.921380,-91.045478,-101.966413,-93.644424
4445.312500,-86.534698,-92.962780,-107.330913,-95.609464
4453.125000,-104.834380,-97.990362,-102.995087,-101.939943
4460.937500,-94.816663,-98.741744,-104.084173,-99.214193
4468.750000,-92.386309,-96.376802,-96.664713,-95.142608
4476.562500,-104.299215,-95.509379,-98.939902,-99.582832
4484.375000,-91.780883,-98.945454,-104.029165,-98.251834
4492.187500,-94.775223,-96.910280,-108.176959,-99.954154
4500.000000,-92.488324,-97.883787,-107.949215,-99.440442
4507.812500,-89.048335,-97.931265,-106.962497,-97.980699
4515.625000,-104.305091,-99.601221,-119.655618,-107.853977
4523.437500,-100.615187,-98.284274,-111.013957,-103.304472
4531.250000,-86.115868,-97.515681,-98.157027,-93.929525
4539.062500,-82.325212,-96.671614,-97.277575,-92.091467
4546.875000,-88.112220,-96.166171,-99.081269,-94.453220
4554.687500,-90.833598,-98.237555,-101.869856,-96.980337
4562.500000,-86.117009,-96.747286,-102.641300,-95.168532
4570.312500,-97.016676,-93.449733,-94.849987,-95.105465
4578.125000,-83.343845,-91.288286,-95.038540,-89.890224
4585.937500,-82.839741,-95.942500,-98.693721,-92.491987
4593.750000,-100.845760,-90.039518,-107.575621,-99.486967
4601.562500,-89.919544,-87.296770,-110.172334,-95.796216
4609.375000,-90.807983,-95.163271,-109.435746,-98.469000
4617.187500,-84.765346,-92.335008,-103.239121,-93.446492
4625.000000,-80.337322,-90.912357,-101.878845,-91.042841
4632.812500,-111.517733,-89.966115,-99.879468,-100.454439
4640.625000,-79.421887,-99.469150,-94.637422,-91.176153
4648.437500,-80.174698,-110.449475,-100.208919,-96.944364
4656.250000,-88.398490,-96.467430,-102.416048,-95.760656
4664.062500,-81.485847,-91.584375,-95.991117,-89.687113
4671.875000,-83.663896,-91.146900,-93.206711,-89.339169
4679.687500,-87.496336,-92.646080,-93.002887,-91.048434
4687.500000,-81.029963,-96.809180,-101.432759,-93.090634
4695.312500,-92.370466,-92.866725,-101.719411,-95.652201
4703.125000,-83.658258,-94.232708,-98.158651,-92.016539
4710.937500,-94.238772,-95.046208,-95.756629,-95.013870
4718.750000,-92.141593,-93.983311,-95.709187,-93.944697
4726.562500,-87.272073,-87.890244,-97.127192,-90.763169
4734.375000,-87.217148,-86.866023,-97.156976,-90.413382
4742.187500,-95.966986,-92.550529,-94.727803,-94.415106
4750.000000,-95.693072,-92.363026,-91.755206,-93.270435
4757.812500,-85.216232,-101.827558,-92.740147,-93.261312
4765.625000,-89.667093,-93.578080,-98.748746,-93.997973
4773.437500,-86.027603,-90.467585,-101.042188,-92.512459
4781.250000,-82.527749,-89.971094,-97.636764,-90.045202
4789.062500,-85.087594,-90.768670,-97.941053,-91.265772
4796.875000,-83.896257,-88.730166,-103.747412,-92.124612
4804.687500,-81.500191,-92.266887,-105.651443,-93.139507
4812.500000,-87.157878,-106.105084,-103.091660,-98.784874
4820.312500,-94.496759,-97.141261,-99.823360,-97.153793
4828.125000,-88.350554,-93.576143,-93.282203,-91.736300
4835.937500,-83.147693,-91.118930,-90.495641,-88.254088
4843.750000,-85.068958,-85.870779,-93.782807,-88.240848
4851.562500,-87.497957,-84.591918,-119.620572,-97.236816
4859.375000,-84.051555,-90.711009,-102.949546,-92.570703
4867.187500,-84.522585,-93.868690,-99.499337,-92.630204
4875.000000,-89.614281,-90.198876,-95.968671,-91.927276
4882.812500,-91.433611,-91.769042,-95.816146,-93.006266
4890.625000,-86.436279,-99.894757,-97.816844,-94.715960
4898.437500,-91.510844,-93.331251,-102.670232,-95.837442
4906.250000,-101.172008,-96.161120,-95.653959,-97.662362
4914.062500,-88.506132,-96.140704,-90.847311,-91.831382
4921.875000,-86.529666,-94.223502,-90.966687,-90.573285
4929.687500,-95.127447,-91.354579,-95.245574,-93.909200
4937.500000,-86.824605,-88.153456,-98.160772,-91.046278
4945.312500,-88.897205,-88.316052,-101.358588,-92.857282
4953.125000,-88.991497,-97.752003,-99.561681,-95.435060
4960.937500,-91.100756,-97.045069,-104.722899,-97.622908
4968.750000,-92.990499,-95.613669,-94.120348,-94.241505
4976.562500,-90.153755,-94.842691,-90.913008,-91.969818
4984.375000,-97.887093,-94.456336,-92.762296,-95.035242
4992.187500,-90.876822,-94.353029,-99.030988,-94.753613
5000.000000,-92.121113,-96.785709,-105.486039,-98.130953
5007.812500,-92.018902,-106.075271,-94.252940,-97.449038
5015.625000,-85.949542,-95.449214,-91.755632,-91.051463
5023.437500,-92.436681,-92.870135,-94.165107,-93.157308
5031.250000,-83.780004,-93.724915,-96.592816,-91.365912
5039.062500,-81.469005,-95.119509,-102.262512,-92.950342
5046.875000,-82.380795,-88.603339,-107.373612,-92.785915
5054.687500,-89.376233,-89.551763,-101.340234,-93.422743
5062.500000,-87.749107,-96.654503,-95.720153,-93.374588
5070.312500,-84.274517,-94.355427,-94.027214,-90.885719
5078.125000,-97.355252,-98.149280,-95.416094,-96.973542
5085.937500,-90.520044,-109.908061,-98.516327,-99.648144
5093.750000,-86.146593,-103.192463,-95.568882,-94.969312
5101.562500,-80.153901,-99.215803,-90.764014,-90.044573
5109.375000,-87.540806,-99.569652,-90.705832,-92.605430
5117.187500,-94.529143,-101.487431,-95.343642,-97.120072
5125.000000,-83.785668,-109.132621,-108.259941,-100.392743
5132.812500,-90.872049,-94.740889,-99.473329,-95.028756
5140.625000,-79.792169,-91.647397,-95.552416,-88.997327
5148.437500,-80.108390,-92.318275,-99.527219,-90.651295
5156.250000,-91.540909,-97.603452,-106.869642,-98.671334
5164.062500,-84.993447,-91.796667,-104.546760,-93.778958
5171.875000,-84.194611,-93.256698,-98.237475,-91.896261
5179.687500,-85.860401,-99.993234,-97.821244,-94.558293
5187.500000,-81.946565,-108.965406,-96.475401,-95.795791
5195.312500,-84.728660,-93.060414,-91.681183,-89.823419
5203.125000,-92.000242,-88.588190,-90.755660,-90.448031
5210.937500,-87.852186,-91.388554,-94.193402,-91.144714
5218.750000,-82.360512,-97.734297,-97.780387,-92.625065
5226.562500,-84.423798,-90.011485,-96.401112,-90.278798
5234.375000,-95.107156,-89.059382,-104.188886,-96.118475
5242.187500,-85.466054,-93.310274,-103.728539,-94.168289
5250.000000,-93.753650,-90.498226,-99.394481,-94.548786
5257.812500,-85.309642,-91.821639,-101.497770,-92.876350
5265.625000,-90.032812,-94.487117,-128.954394,-104.491441
5273.437500,-84.743254,-93.835639,-108.460515,-95.679803
5281.250000,-84.235046,-93.227630,-112.284314,-96.582330
5289.062500,-93.863598,-91.559725,-101.237912,-95.553745
5296.875000,-90.821208,-90.205957,-100.518687,-93.848617
5304.687500,-89.063388,-90.718814,-102.381053,-94.054418
5312.500000,-90.777351,-100.985284,-102.955705,-98.239447
5320.312500,-90.726123,-98.133591,-105.597866,-98.152526
5328.125000,-85.976708,-94.871875,-111.434538,-97.427707
5335.937500,-93.494126,-94.476034,-107.353059,-98.441073
5343.750000,-95.890605,-100.072841,-105.588835,-100.517427
5351.562500,-90.636516,-103.319892,-101.008732,-98.321713
5359.375000,-94.414498,-95.484491,-102.476937,-97.458642
5367.187500,-99.654922,-93.832624,-105.298271,-99.595272
5375.000000,-94.499399,-98.533299,-102.743115,-98.591938
5382.812500,-93.855513,-95.861109,-120.302268,-103.339630
5390.625000,-94.040627,-96.999379,-107.278793,-99.439600
5398.437500,-91.078958,-99.122105,-106.277293,-98.826119
5406.250000,-90.312961,-99.414328,-109.914904,-99.880731
5414.062500,-94.603072,-98.071310,-104.414789,-99.029724
5421.875000,-103.585166,-101.209304,-102.267850,-102.354107
5429.687500,-99.865342,-101.335595,-99.982042,-100.394327
5437.500000,-93.424525,-94.984837,-97.091458,-95.166940
5445.312500,-89.227349,-93.049272,-94.977080,-92.417900
5453.125000,-89.928481,-96.832097,-96.726906,-94.495828
5460.937500,-95.376917,-100.521117,-101.470000,-99.122678
5468.750000,-89.667936,-110.509028,-104.712079,-101.629681
5476.562500,-91.386233,-115.839235,-103.766588,-103.664019
5484.375000,-100.306586,-108.913366,-105.441487,-104.887146
5492.187500,-99.940613,-97.626231,-102.145585,-99.904143
5500.000000,-95.608620,-96.391504,-101.164280,-97.721468
5507.812500,-88.984757,-94.866426,-103.204033,-95.685072
5515.625000,-86.973252,-94.163104,-99.084035,-93.406797
5523.437500,-89.630805,-97.707029,-99.618123,-95.651986
5531.250000,-94.278727,-98.714982,-97.978987,-96.990899
5539.062500,-90.432729,-95.595439,-98.793477,-94.940548
5546.875000,-92.000184,-98.198675,-103.792938,-97.997266
5554.687500,-96.796278,-116.243666,-111.160391,-108.066778
5562.500000,-101.411485,-106.703720,-118.323549,-108.812918
5570.312500,-91.104106,-96.431759,-108.984031,-98.839965
5578.125000,-85.781094,-91.555324,-103.907622,-93.748013
5585.937500,-90.625413,-93.445117,-101.682518,-95.251016
5593.750000,-88.957865,-103.038228,-104.339540,-98.778544
5601.562500,-87.540363,-99.403295,-102.553578,-96.499079
5609.375000,-97.625410,-87.529254,-101.136188,-95.430284
5617.187500,-91.220966,-85.943177,-99.553902,-92.239349
5625.000000,-86.233311,-91.455171,-96.221547,-91.303343
5632.812500,-91.159193,-105.588731,-97.677178,-98.141701
5640.625000,-100.219935,-94.530824,-103.812679,-99.521146
5648.437500,-90.068159,-91.381610,-105.873433,-95.774401
5656.250000,-91.027762,-94.072558,-103.073397,-96.057906
5664.062500,-94.674130,-95.927042,-98.009582,-96.203585
5671.875000,-95.407755,-94.962579,-94.439971,-94.936768
5679.687500,-87.869460,-93.285470,-95.054030,-92.069653
5687.500000,-88.849089,-90.992900,-97.219886,-92.353958
5695.312500,-86.793537,-92.046223,-98.759978,-92.533246
5703.125000,-85.512255,-98.429186,-100.807138,-94.916193
5710.937500,-96.399505,-95.061217,-101.192113,-97.550945
5718.750000,-97.492757,-91.464191,-103.843749,-97.600232
5726.562500,-90.342204,-93.499828,-103.500689,-95.780907
5734.375000,-85.460769,-101.998663,-102.231273,-96.563569
5742.187500,-94.428441,-92.453587,-101.078175,-95.986734
5750.000000,-87.888382,-90.663642,-102.104263,-93.552096
5757.812500,-84.557636,-89.860602,-102.322547,-92.246929
5765.625000,-91.424379,-89.252511,-94.394721,-91.690537
5773.437500,-86.304456,-90.807897,-93.998465,-90.370272
5781.250000,-89.327463,-92.341565,-95.720104,-92.463044
5789.062500,-95.731148,-98.834092,-95.508537,-96.691259
5796.875000,-95.158436,-98.522615,-95.612078,-96.431043
5804.687500,-87.453483,-93.952017,-99.980303,-93.795268
5812.500000,-83.813989,-89.263461,-98.126322,-90.401258
5820.312500,-86.547524,-87.072780,-95.154129,-89.591478
5828.125000,-92.181964,-89.662053,-95.798640,-92.547552
5835.937500,-96.315488,-96.100302,-96.013540,-96.143110
5843.750000,-93.942226,-104.131506,-97.338021,-98.470584
5851.562500,-91.055473,-102.391417,-102.147381,-98.531424
5859.375000,-93.099919,-96.000692,-103.258189,-97.452933
5867.187500,-87.324467,-105.130662,-99.685078,-97.380069
5875.000000,-82.047434,-90.598108,-102.129817,-91.591786
5882.812500,-83.178131,-87.875818,-104.499259,-91.851069
5890.625000,-91.068340,-89.720499,-100.047882,-93.612240
5898.437500,-86.610242,-89.740490,-98.956467,-91.769066
5906.250000,-87.332970,-91.716900,-99.861666,-92.970512
5914.062500,-108.319285,-98.773593,-100.285717,-102.459532
5921.875000,-86.998841,-92.584401,-97.301714,-92.294985
5929.687500,-87.293487,-89.568762,-93.655645,-90.172631
5937.500000,-87.306128,-92.449092,-94.550955,-91.435392
5945.312500,-87.408436,-98.515247,-96.886478,-94.270054
5953.125000,-87.988560,-96.169555,-103.159648,-95.772588
5960.937500,-87.479222,-94.723268,-108.012797,-96.738429
5968.750000,-92.117558,-94.804264,-99.449259,-95.457027
5976.562500,-107.626241,-95.759211,-98.293193,-100.559548
5984.375000,-91.124680,-92.519127,-107.549928,-97.064578
5992.187500,-96.388446,-92.058393,-103.056115,-97.167651
6000.000000,-119.431542,-90.970442,-99.439603,-103.280529
6007.812500,-91.343915,-93.070218,-101.258077,-95.224070
6015.625000,-88.512837,-88.375571,-107.029387,-94.639265
6023.437500,-91.689253,-90.415132,-107.846997,-96.650461
6031.250000,-90.396985,-93.939202,-105.680278,-96.672155
6039.062500,-88.277217,-89.816089,-108.136911,-95.410073
6046.875000,-92.779501,-90.509610,-103.022856,-95.437323
6054.687500,-93.786609,-95.897237,-98.082644,-95.922163
6062.500000,-89.271290,-105.086350,-97.152028,-97.169889
6070.312500,-93.319167,-93.505868,-99.983510,-95.602848
6078.125000,-100.809203,-93.843575,-100.504161,-98.385647
6085.937500,-114.568516,-103.906071,-97.392020,-105.288869
6093.750000,-97.252079,-93.373880,-95.420471,-95.348810
6101.562500,-89.742681,-93.896879,-94.378914,-92.672825
6109.375000,-93.523491,-97.064266,-92.778840,-94.455533
6117.187500,-98.635729,-93.498605,-93.864347,-95.332894
6125.000000,-95.067008,-94.572883,-96.837928,-95.492606
6132.812500,-93.320877,-96.415197,-95.151671,-94.962581
6140.625000,-88.010816,-102.660893,-94.213555,-94.961755
6148.437500,-85.738001,-90.854742,-98.174580,-91.589108
6156.250000,-89.097577,-94.900144,-99.220126,-94.405949
6164.062500,-89.814383,-95.418475,-95.985977,-93.739612
6171.875000,-94.576106,-96.106930,-95.501147,-95.394728
6179.687500,-93.111404,-98.503889,-97.067039,-96.227444
6187.500000,-89.906519,-98.097327,-100.971837,-96.325228
6195.312500,-93.944729,-93.952146,-105.216168,-97.704348
6203.125000,-96.253729,-92.709279,-97.448270,-95.470426
6210.937500,-91.041895,-94.260268,-94.923200,-93.408454
6218.750000,-87.631858,-99.407752,-96.675934,-94.571848
6226.562500,-93.331354,-92.759838,-101.612703,-95.901299
6234.375000,-93.106942,-87.110348,-101.396492,-93.871261
6242.187500,-92.560329,-89.521105,-118.179744,-100.087060
6250.000000,-87.599101,-103.383520,-97.076447,-96.019690
6257.812500,-86.600591,-100.959759,-93.977551,-93.845967
6265.625000,-94.268168,-93.163642,-94.097219,-93.843010
6273.437500,-91.503627,-91.011449,-101.274902,-94.596659
6281.250000,-91.864026,-95.573019,-103.940223,-97.125756
6289.062500,-92.485285,-107.136226,-97.914743,-99.178751
6296.875000,-84.610015,-93.125731,-95.746392,-91.160713
6304.687500,-88.695176,-91.530600,-96.208708,-92.144828
6312.500000,-89.697230,-89.801869,-97.824601,-92.441233
6320.312500,-90.475300,-91.069915,-99.059544,-93.534920
6328.125000,-87.069387,-98.281989,-106.918165,-97.423180
6335.937500,-86.338482,-95.919415,-103.616019,-95.291305
6343.750000,-95.777135,-102.887457,-103.456774,-100.707122
6351.562500,-95.473809,-97.255160,-98.379737,-97.036235
6359.375000,-93.752681,-95.510964,-100.801734,-96.688460
6367.187500,-96.204924,-93.562669,-99.020132,-96.262575
6375.000000,-89.232598,-94.602983,-100.195086,-94.676889
6382.812500,-89.415617,-94.341659,-107.337877,-97.031718
6390.625000,-91.367512,-96.080631,-102.628206,-96.692117
6398.437500,-90.269274,-100.169600,-100.311433,-96.916769
6406.250000,-91.056399,-93.212321,-98.352898,-94.207206
6414.062500,-95.959822,-88.567374,-103.021926,-95.849707
6421.875000,-90.171596,-92.195942,-98.734064,-93.700534
6429.687500,-93.153730,-97.627469,-98.283583,-96.354927
6437.500000,-86.332084,-96.940216,-100.344488,-94.538930
6445.312500,-83.333645,-100.373405,-103.133050,-95.613366
6453.125000,-87.843962,-94.193418,-103.572943,-95.203441
6460.937500,-91.696658,-88.127438,-98.949862,-92.924652
6468.750000,-86.404163,-89.258351,-99.450241,-91.704252
6476.562500,-98.530973,-97.756823,-104.483191,-100.256996
6484.375000,-91.452763,-94.958490,-96.350638,-94.253964
6492.187500,-92.744699,-91.191179,-95.565638,-93.167172
6500.000000,-106.662844,-94.813957,-97.146394,-99.541065
6507.812500,-86.530662,-93.394636,-94.701093,-91.542130
6515.625000,-86.631641,-86.372282,-95.536900,-89.513608
6523.437500,-87.976834,-87.310575,-95.376930,-90.221446
6531.250000,-90.015303,-90.680800,-93.890664,-91.528922
6539.062500,-89.051851,-84.707915,-94.381064,-89.380277
6546.875000,-94.456101,-83.372561,-95.590833,-91.139832
6554.687500,-85.344103,-84.302718,-96.915647,-88.854156
6562.500000,-91.558018,-87.608529,-111.146990,-96.771179
6570.312500,-92.217028,-96.180824,-98.716907,-95.704920
6578.125000,-94.179329,-92.900648,-99.487991,-95.522656
6585.937500,-85.578916,-93.132234,-96.004775,-91.571975
6593.750000,-93.400315,-87.783032,-92.393377,-91.192241
6601.562500,-90.267988,-88.297298,-92.300866,-90.288717
6609.375000,-88.068644,-91.781858,-97.144049,-92.331517
6617.187500,-81.865442,-92.448354,-98.117743,-90.810513
6625.000000,-84.678988,-92.465071,-98.305211,-91.816423
6632.812500,-88.648156,-92.011416,-96.751033,-92.470202
6640.625000,-94.717313,-95.175758,-93.207103,-94.366725
6648.437500,-89.161792,-93.189029,-91.029128,-91.126650
6656.250000,-95.889949,-95.098237,-92.577688,-94.521958
6664.062500,-84.534174,-96.103850,-95.879823,-92.172615
6671.875000,-85.293135,-90.243020,-94.919752,-90.151969
6679.687500,-82.757203,-95.071740,-93.374156,-90.401033
6687.500000,-87.080741,-92.406535,-94.883844,-91.457040
6695.312500,-92.410928,-89.250919,-97.169544,-92.943797
6703.125000,-81.877051,-98.986441,-103.516235,-94.793242
6710.937500,-82.263201,-91.215418,-93.215597,-88.898072
6718.750000,-87.116278,-88.560375,-92.593377,-89.423344
6726.562500,-81.967577,-103.430618,-94.016798,-93.138331
6734.375000,-92.719155,-94.111284,-96.631591,-94.487343
6742.187500,-79.553347,-94.347429,-102.604607,-92.168461
6750.000000,-83.914084,-96.208514,-99.647122,-93.256573
6757.812500,-88.713792,-96.719896,-96.596775,-94.010154
6765.625000,-83.898321,-100.663328,-100.004655,-94.855434
6773.437500,-84.430019,-104.140879,-106.493143,-98.354680
6781.250000,-84.643248,-92.226821,-108.853005,-95.241025
6789.062500,-88.043920,-91.723532,-103.122012,-94.296488
6796.875000,-85.069273,-104.368493,-92.280507,-93.906091
6804.687500,-85.148721,-98.122509,-91.512678,-91.594636
6812.500000,-81.409542,-91.763527,-93.284574,-88.819214
6820.312500,-91.417883,-88.033638,-97.008209,-92.153243
6828.125000,-83.055671,-87.962475,-102.454551,-91.157566
6835.937500,-85.832630,-87.075371,-97.872538,-90.260180
6843.750000,-88.889523,-91.371960,-95.668074,-91.976519
6851.562500,-81.565567,-96.949170,-97.967558,-92.160765
6859.375000,-83.612656,-99.828195,-98.619990,-94.020280
6867.187500,-87.736691,-93.363228,-105.507432,-95.535784
6875.000000,-82.900733,-88.224692,-101.792465,-90.972630
6882.812500,-83.556249,-91.744771,-95.010948,-90.103989
6890.625000,-87.978310,-91.197640,-94.506030,-91.227327
6898.437500,-77.753005,-92.929247,-102.873247,-91.185166
6906.250000,-75.984493,-92.214335,-99.630357,-89.276395
6914.062500,-84.979658,-99.272639,-97.107119,-93.786472
6921.875000,-80.272255,-89.776748,-99.138946,-89.729317
6929.687500,-79.509850,-85.409923,-99.601940,-88.173904
6937.500000,-85.905492,-97.607371,-96.891328,-93.468064
6945.312500,-79.524374,-88.039123,-94.876265,-87.479920
6953.125000,-83.811465,-87.989279,-97.576576,-89.792440
6960.937500,-80.432164,-93.239227,-96.782453,-90.151282
6968.750000,-76.048084,-98.924636,-104.043206,-93.005309
6976.562500,-88.017898,-88.493725,-95.349003,-90.620209
6984.375000,-75.030845,-90.674459,-88.203319,-84.636208
6992.187500,-81.754564,-83.455665,-87.134347,-84.114859
7000.000000,-75.987426,-83.960130,-91.370369,-83.772641
7007.812500,-78.168132,-88.647366,-92.212381,-86.342626
7015.625000,-88.058464,-97.343064,-90.100811,-91.834113
7023.437500,-74.405993,-89.686033,-90.079367,-84.723798
7031.250000,-71.844306,-84.356381,-92.146866,-82.782518
7039.062500,-80.425476,-87.871793,-102.720305,-90.339191
7046.875000,-78.740139,-105.816702,-90.357017,-91.637952
7054.687500,-76.612429,-97.605325,-91.238365,-88.485373
7062.500000,-82.520130,-90.032107,-95.457568,-89.336602
7070.312500,-76.839747,-85.384898,-92.930855,-85.051833
7078.125000,-83.042249,-86.165203,-90.645643,-86.617698
7085.937500,-82.187988,-88.986029,-91.859964,-87.677994
7093.750000,-77.542546,-89.507067,-98.253661,-88.434425
7101.562500,-83.977161,-89.785404,-93.841343,-89.201303
7109.375000,-74.705607,-90.117315,-91.904557,-85.575826
7117.187500,-79.291421,-92.905199,-97.943363,-90.046661
7125.000000,-76.703079,-93.253873,-104.804628,-91.587193
7132.812500,-77.753761,-94.642889,-95.670828,-89.355826
7140.625000,-75.552512,-93.847531,-93.375596,-87.591880
7148.437500,-73.920201,-90.900247,-91.066881,-85.295776
7156.250000,-90.726053,-96.493125,-92.444091,-93.221090
7164.062500,-79.358042,-93.948610,-100.304881,-91.203844
7171.875000,-81.691399,-91.505300,-103.319698,-92.172132
7179.687500,-74.043812,-95.772375,-97.331757,-89.049315
7187.500000,-74.632259,-98.345812,-96.456865,-89.811645
7195.312500,-98.354856,-93.431626,-92.729266,-94.838583
7203.125000,-81.200226,-90.625766,-91.082245,-87.636079
7210.937500,-80.016765,-96.134478,-91.796361,-89.315868
7218.750000,-85.920482,-96.060846,-94.821278,-92.267535
7226.562500,-78.589258,-91.853334,-94.509837,-88.317476
7234.375000,-74.071948,-95.145583,-93.293727,-87.503753
7242.187500,-79.723398,-114.211967,-95.857838,-96.597734
7250.000000,-79.142771,-90.910644,-98.152177,-89.401864
7257.812500,-82.176253,-86.532208,-94.343937,-87.684133
7265.625000,-75.724013,-94.682317,-93.518007,-87.974779
7273.437500,-72.564871,-97.897223,-97.703452,-89.388515
7281.250000,-92.533543,-91.293598,-108.362128,-97.396423
7289.062500,-72.739507,-92.094078,-97.166640,-87.333409
7296.875000,-75.388448,-90.654710,-92.082157,-86.041771
7304.687500,-82.220211,-93.638586,-92.772381,-89.543726
7312.500000,-78.972720,-85.850952,-86.991568,-83.938413
7320.312500,-78.101115,-82.546321,-85.415166,-82.020867
7328.125000,-75.703335,-86.404236,-87.971115,-83.359562
7335.937500,-87.153707,-96.757102,-92.397772,-92.102860
7343.750000,-85.008784,-89.528847,-94.891602,-89.809745
7351.562500,-76.448596,-86.684520,-92.770851,-85.301322
7359.375000,-75.341433,-88.070326,-93.685145,-85.698968
7367.187500,-86.317437,-88.001669,-98.150155,-90.823087
7375.000000,-89.768691,-85.082028,-98.064895,-90.971872
7382.812500,-80.521707,-87.805735,-94.103471,-87.476971
7390.625000,-78.417167,-99.862359,-90.042761,-89.440762
7398.437500,-75.803000,-95.991115,-87.036418,-86.276844
7406.250000,-76.614956,-92.976918,-86.224731,-85.272202
7414.062500,-78.027210,-88.179179,-90.754046,-85.653478
7421.875000,-77.933261,-84.376605,-97.295790,-86.535219
7429.687500,-78.375124,-94.620413,-91.177862,-88.057800
7437.500000,-85.787513,-89.290867,-90.595203,-88.557861
7445.312500,-79.780795,-94.884069,-96.587494,-90.417453
7453.125000,-86.261941,-88.025581,-95.911320,-90.066281
7460.937500,-82.012046,-92.307472,-89.277374,-87.865631
7468.750000,-75.143975,-92.397109,-85.128664,-84.223249
7476.562500,-73.296636,-91.911309,-82.612079,-82.606675
7484.375000,-75.114379,-99.792466,-83.012782,-85.973209
7492.187500,-78.713111,-92.183748,-86.601955,-85.832938
7500.000000,-76.659154,-84.912232,-89.754407,-83.775264
7507.812500,-77.574550,-83.770564,-88.704919,-83.350011
7515.625000,-80.763931,-82.669381,-89.143981,-84.192431
7523.437500,-79.549296,-84.014331,-91.802523,-85.122050
7531.250000,-86.163199,-86.860104,-91.277825,-88.100376
7539.062500,-83.252491,-93.465079,-96.662730,-91.126767
7546.875000,-79.345363,-96.989641,-110.021143,-95.452049
7554.687500,-91.206688,-86.516565,-109.761743,-95.828332
7562.500000,-79.791743,-86.791533,-100.467488,-89.016921
7570.312500,-90.226973,-90.519862,-91.145841,-90.630892
7578.125000,-77.422996,-95.647219,-89.612613,-87.560943
7585.937500,-78.016657,-101.741028,-93.251276,-91.002987
7593.750000,-79.501162,-97.248141,-99.574929,-92.108077
7601.562500,-74.207199,-89.899973,-96.050431,-86.719201
7609.375000,-73.951663,-91.010576,-106.207045,-90.389761
7617.187500,-77.978365,-89.669743,-105.415803,-91.021303
7625.000000,-77.746996,-95.920294,-100.478938,-91.382076
7632.812500,-79.309112,-96.480827,-100.065116,-91.951685
7640.625000,-88.672021,-86.867635,-98.783610,-91.441089
7648.437500,-82.850862,-85.206478,-92.606179,-86.887840
7656.250000,-89.965566,-91.587239,-90.716412,-90.756406
7664.062500,-82.011180,-98.083340,-89.467170,-89.853897
7671.875000,-103.827611,-96.368745,-90.689236,-96.961864
7679.687500,-88.224007,-90.973551,-94.558734,-91.252097
7687.500000,-79.251570,-86.316517,-92.194458,-85.920848
7695.312500,-87.218900,-83.119064,-89.629008,-86.655657
7703.125000,-78.727042,-81.700497,-87.733381,-82.720307
7710.937500,-81.510774,-83.254607,-89.062755,-84.609379
7718.750000,-82.275547,-89.005400,-89.672853,-86.984600
7726.562500,-85.156815,-102.328676,-89.397705,-92.294399
7734.375000,-80.299982,-91.450134,-92.691973,-88.147363
7742.187500,-80.854689,-89.874235,-94.481460,-88.403461
7750.000000,-82.508353,-90.059535,-97.345408,-89.971099
7757.812500,-81.714382,-89.528387,-103.233812,-91.492193
7765.625000,-82.360169,-87.959840,-105.439369,-91.919793
7773.437500,-75.843417,-87.900330,-116.258103,-93.333950
7781.250000,-72.251746,-98.340652,-110.090631,-93.561010
7789.062500,-73.638224,-87.143945,-101.577603,-87.453257
7796.875000,-75.255115,-86.206053,-93.298817,-84.919995
7804.687500,-77.530370,-91.170410,-95.219022,-87.973268
7812.500000,-78.107432,-99.563534,-100.391944,-92.687637
7820.312500,-75.375140,-90.852169,-93.585924,-86.604411
7828.125000,-79.064200,-86.859299,-91.082154,-85.668551
7835.937500,-87.042718,-86.967030,-93.384966,-89.131572
7843.750000,-92.311857,-92.327640,-96.579038,-93.739512
7851.562500,-83.557245,-106.629107,-96.187966,-95.458106
7859.375000,-82.542189,-104.723400,-96.155812,-94.473800
7867.187500,-82.455326,-89.883239,-97.627955,-89.988840
7875.000000,-85.317722,-91.793656,-97.550262,-91.553880
7882.812500,-97.276373,-101.314132,-97.642649,-98.744385
7890.625000,-86.671047,-92.354545,-104.411882,-94.479158
7898.437500,-82.653518,-93.148399,-115.302859,-97.034926
7906.250000,-83.254551,-94.825400,-109.377549,-95.819166
7914.062500,-91.876514,-100.342749,-108.141199,-100.120154
7921.875000,-91.972417,-97.851215,-103.681233,-97.834955
7929.687500,-89.849879,-104.698491,-103.113883,-99.220751
7937.500000,-85.517303,-94.433923,-110.297767,-96.749664
7945.312500,-91.409270,-91.708401,-114.792645,-99.303438
7953.125000,-86.153670,-93.164368,-109.355850,-96.224629
7960.937500,-95.745109,-102.937620,-112.218692,-103.633807
7968.750000,-94.650193,-116.312307,-118.441298,-109.801266
7976.562500,-91.568472,-100.801921,-110.204951,-100.858448
7984.375000,-89.674557,-97.820437,-108.205960,-98.566985
7992.187500,-89.357678,-105.249261,-110.906536,-101.837825
8000.000000,-92.217987,-124.872976,-105.516088,-107.535684
